[Licensing::Module] Trying to connect to existing licensing client channel...
[Licensing::IpcConnector] Successfully connected to: "LicenseClient-Lenovo" at "2026-07-01T14:17:49.6848472Z"
[Licensing::Client] Code 1 while verifying Licensing Client signature (process Id: 19468, path: "C:/Program Files/Unity Hub/UnityLicensingClient_V1/Unity.Licensing.Client.exe")
[Licensing::Module] LicensingClient has failed validation; ignoring
[Licensing::Client] Error: HandshakeResponse reported an error:
	ResponseCode: 505
	ResponseStatus: Unsupported protocol version '1.16.2'.
[Licensing::Module] Error: Failed to handshake to channel: "LicenseClient-Lenovo"
[Licensing::IpcConnector] LicenseClient-Lenovo channel disconnected successfully.
[Licensing::IpcConnector] Channel LicenseClient-Lenovo-2022.3.62 doesn't exist
[Licensing::Module] Successfully launched the LicensingClient (PId: 39700)
[Licensing::IpcConnector] Successfully connected to: "LicenseClient-Lenovo-2022.3.62" at "2026-07-01T14:17:50.5579838Z"
[Licensing::Client] Code 10 while verifying Licensing Client signature (process Id: 39700, path: "E:/2022.3.62f3c1/Editor/Data/Resources/Licensing/Client/Unity.Licensing.Client.exe")
[Licensing::Module] LicensingClient has failed validation; ignoring
[Licensing::Client] Handshaking with LicensingClient:
  Version:                 1.16.2+bdef8f5
  Session Id:              d0c95a0550a948c5be57c0426c850ca5
  Correlation Id:          2037d04f36d2ce16152535eaa1a95390
  External correlation Id: 5491621130608815030
  Machine Id:              /Q9Sr0mW4IOv25KO8R+6WfPNXA0=
[Licensing::Module] Successfully connected to LicensingClient on channel: "LicenseClient-Lenovo-2022.3.62" (connect: 0.85s, validation: 0.06s, handshake: 0.05s)
[Licensing::IpcConnector] Successfully connected to: "LicenseClient-Lenovo-2022.3.62-notifications" at "2026-07-01T14:17:50.6630364Z"
[Licensing::Module] Connected to LicensingClient (PId: 39700, launch time: 0.01, total connection time: 0.96s)
[Licensing::Module] Error: Access token is unavailable; failed to update
[Licensing::Client] Successfully updated license
Built from '2022.3/china_unity/release' branch; Version is '2022.3.62f3c1 (1623fc0bbb97) revision 1451004'; Using compiler version '192829333'; Build Type 'Release'
OS: 'Windows 11  (10.0.26200) 64bit CoreCountrySpecific' Language: 'zh' Physical Memory: 32492 MB
[Licensing::Client] Successfully resolved entitlement details
[Licensing::Module] Serial number assigned to: "F4-RAGR-2QUG-NV8F-HS6R-XXXX"
BatchMode: 0, IsHumanControllingUs: 1, StartBugReporterOnCrash: 1, Is64bit: 1, IsPro: 0
[Licensing::Client] Successfully resolved entitlement details

COMMAND LINE ARGUMENTS:
E:\2022.3.62f3c1\Editor\Unity.exe
-projectPath
E:\AI\project\SimulatedShooting
-executeMethod
SimulatedShooting.Editor.ZeroingRangeSceneBuilder.OpenAndPlay
-logFile
E:\AI\project\SimulatedShooting\unity-task004-run.log
Successfully changed project path to: E:\AI\project\SimulatedShooting
E:/AI/project/SimulatedShooting
[UnityMemory] Configuration Parameters - Can be set up in boot.config
    "memorysetup-bucket-allocator-granularity=16"
    "memorysetup-bucket-allocator-bucket-count=8"
    "memorysetup-bucket-allocator-block-size=33554432"
    "memorysetup-bucket-allocator-block-count=8"
    "memorysetup-main-allocator-block-size=16777216"
    "memorysetup-thread-allocator-block-size=16777216"
    "memorysetup-gfx-main-allocator-block-size=16777216"
    "memorysetup-gfx-thread-allocator-block-size=16777216"
    "memorysetup-cache-allocator-block-size=4194304"
    "memorysetup-typetree-allocator-block-size=2097152"
    "memorysetup-profiler-bucket-allocator-granularity=16"
    "memorysetup-profiler-bucket-allocator-bucket-count=8"
    "memorysetup-profiler-bucket-allocator-block-size=33554432"
    "memorysetup-profiler-bucket-allocator-block-count=8"
    "memorysetup-profiler-allocator-block-size=16777216"
    "memorysetup-profiler-editor-allocator-block-size=1048576"
    "memorysetup-temp-allocator-size-main=16777216"
    "memorysetup-job-temp-allocator-block-size=2097152"
    "memorysetup-job-temp-allocator-block-size-background=1048576"
    "memorysetup-job-temp-allocator-reduction-small-platforms=262144"
    "memorysetup-allocator-temp-initial-block-size-main=262144"
    "memorysetup-allocator-temp-initial-block-size-worker=262144"
    "memorysetup-temp-allocator-size-background-worker=32768"
    "memorysetup-temp-allocator-size-job-worker=262144"
    "memorysetup-temp-allocator-size-preload-manager=33554432"
    "memorysetup-temp-allocator-size-nav-mesh-worker=65536"
    "memorysetup-temp-allocator-size-audio-worker=65536"
    "memorysetup-temp-allocator-size-cloud-worker=32768"
    "memorysetup-temp-allocator-size-gi-baking-worker=262144"
    "memorysetup-temp-allocator-size-gfx=262144"
Player connection [40152]  Target information:

Player connection [40152]  * "[IP] 192.168.117.1 [Port] 55504 [Flags] 2 [Guid] 3973556417 [EditorId] 3973556417 [Version] 1048832 [Id] WindowsEditor(7,Yangmird) [Debug] 1 [PackageName] WindowsEditor [ProjectName] Editor" 

Player connection [40152]  * "[IP] 192.168.232.1 [Port] 55504 [Flags] 2 [Guid] 3973556417 [EditorId] 3973556417 [Version] 1048832 [Id] WindowsEditor(7,Yangmird) [Debug] 1 [PackageName] WindowsEditor [ProjectName] Editor" 

Player connection [40152]  * "[IP] 192.168.3.13 [Port] 55504 [Flags] 2 [Guid] 3973556417 [EditorId] 3973556417 [Version] 1048832 [Id] WindowsEditor(7,Yangmird) [Debug] 1 [PackageName] WindowsEditor [ProjectName] Editor" 

Player connection [40152] Host joined multi-casting on [225.0.0.222:54997]...
Player connection [40152] Host joined alternative multi-casting on [225.0.0.222:34997]...
Input System module state changed to: Initialized.
[PhysX] Initialized MultithreadedTaskDispatcher with 20 workers.
[Package Manager] UpmClient::Connect -- Connected to IPC stream "Upm-23620" after 0.4 seconds.
[Package Manager] Restoring resolved packages state from cache
[Licensing::Client] Successfully resolved entitlement details
[Package Manager] Registered 63 packages:
  Packages from [https://packages.unity.cn]:
    com.unity.collab-proxy@2.12.4 (location: E:\AI\project\SimulatedShooting\Library\PackageCache\com.unity.collab-proxy@2.12.4)
    com.unity.inputsystem@1.14.0 (location: E:\AI\project\SimulatedShooting\Library\PackageCache\com.unity.inputsystem@1.14.0)
    com.unity.learn.iet-framework@4.0.4 (location: E:\AI\project\SimulatedShooting\Library\PackageCache\com.unity.learn.iet-framework@4.0.4)
    com.unity.textmeshpro@3.0.9 (location: E:\AI\project\SimulatedShooting\Library\PackageCache\com.unity.textmeshpro@3.0.9)
    com.unity.timeline@1.7.7 (location: E:\AI\project\SimulatedShooting\Library\PackageCache\com.unity.timeline@1.7.7)
    com.unity.visualscripting@1.9.4 (location: E:\AI\project\SimulatedShooting\Library\PackageCache\com.unity.visualscripting@1.9.4)
    com.unity.xr.interaction.toolkit@3.1.2 (location: E:\AI\project\SimulatedShooting\Library\PackageCache\com.unity.xr.interaction.toolkit@3.1.2)
    com.unity.xr.management@4.5.1 (location: E:\AI\project\SimulatedShooting\Library\PackageCache\com.unity.xr.management@4.5.1)
    com.unity.xr.openxr@1.14.3 (location: E:\AI\project\SimulatedShooting\Library\PackageCache\com.unity.xr.openxr@1.14.3)
    com.unity.xr.core-utils@2.5.2 (location: E:\AI\project\SimulatedShooting\Library\PackageCache\com.unity.xr.core-utils@2.5.2)
    com.unity.xr.legacyinputhelpers@2.1.12 (location: E:\AI\project\SimulatedShooting\Library\PackageCache\com.unity.xr.legacyinputhelpers@2.1.12)
    com.unity.mathematics@1.2.6 (location: E:\AI\project\SimulatedShooting\Library\PackageCache\com.unity.mathematics@1.2.6)
    com.unity.burst@1.8.21 (location: E:\AI\project\SimulatedShooting\Library\PackageCache\com.unity.burst@1.8.21)
    com.unity.editorcoroutines@1.0.0 (location: E:\AI\project\SimulatedShooting\Library\PackageCache\com.unity.editorcoroutines@1.0.0)
    com.unity.settings-manager@2.1.0 (location: E:\AI\project\SimulatedShooting\Library\PackageCache\com.unity.settings-manager@2.1.0)
    com.unity.xr.oculus@4.5.1 (location: E:\AI\project\SimulatedShooting\Library\PackageCache\com.unity.xr.oculus@4.5.1)
    com.unity.ide.visualstudio@2.0.22 (location: E:\AI\project\SimulatedShooting\Library\PackageCache\com.unity.ide.visualstudio@2.0.22)
    com.unity.ide.rider@3.0.36 (location: E:\AI\project\SimulatedShooting\Library\PackageCache\com.unity.ide.rider@3.0.36)
    com.unity.ide.vscode@1.2.5 (location: E:\AI\project\SimulatedShooting\Library\PackageCache\com.unity.ide.vscode@1.2.5)
    com.unity.performance.profile-analyzer@1.2.3 (location: E:\AI\project\SimulatedShooting\Library\PackageCache\com.unity.performance.profile-analyzer@1.2.3)
    com.unity.test-framework@1.1.33 (location: E:\AI\project\SimulatedShooting\Library\PackageCache\com.unity.test-framework@1.1.33)
    com.unity.testtools.codecoverage@1.2.6 (location: E:\AI\project\SimulatedShooting\Library\PackageCache\com.unity.testtools.codecoverage@1.2.6)
    com.unity.searcher@4.9.2 (location: E:\AI\project\SimulatedShooting\Library\PackageCache\com.unity.searcher@4.9.2)
    com.unity.ext.nunit@1.0.6 (location: E:\AI\project\SimulatedShooting\Library\PackageCache\com.unity.ext.nunit@1.0.6)
  Built-in packages:
    com.unity.feature.development@1.0.1 (location: E:\AI\project\SimulatedShooting\Library\PackageCache\com.unity.feature.development@1.0.1)
    com.unity.feature.vr@1.0.0 (location: E:\AI\project\SimulatedShooting\Library\PackageCache\com.unity.feature.vr@1.0.0)
    com.unity.render-pipelines.universal@14.0.12 (location: E:\AI\project\SimulatedShooting\Library\PackageCache\com.unity.render-pipelines.universal@14.0.12)
    com.unity.modules.ai@1.0.0 (location: E:\AI\project\SimulatedShooting\Library\PackageCache\com.unity.modules.ai@1.0.0)
    com.unity.modules.androidjni@1.0.0 (location: E:\AI\project\SimulatedShooting\Library\PackageCache\com.unity.modules.androidjni@1.0.0)
    com.unity.modules.animation@1.0.0 (location: E:\AI\project\SimulatedShooting\Library\PackageCache\com.unity.modules.animation@1.0.0)
    com.unity.modules.assetbundle@1.0.0 (location: E:\AI\project\SimulatedShooting\Library\PackageCache\com.unity.modules.assetbundle@1.0.0)
    com.unity.modules.audio@1.0.0 (location: E:\AI\project\SimulatedShooting\Library\PackageCache\com.unity.modules.audio@1.0.0)
    com.unity.modules.cloth@1.0.0 (location: E:\AI\project\SimulatedShooting\Library\PackageCache\com.unity.modules.cloth@1.0.0)
    com.unity.modules.director@1.0.0 (location: E:\AI\project\SimulatedShooting\Library\PackageCache\com.unity.modules.director@1.0.0)
    com.unity.modules.imageconversion@1.0.0 (location: E:\AI\project\SimulatedShooting\Library\PackageCache\com.unity.modules.imageconversion@1.0.0)
    com.unity.modules.imgui@1.0.0 (location: E:\AI\project\SimulatedShooting\Library\PackageCache\com.unity.modules.imgui@1.0.0)
    com.unity.modules.jsonserialize@1.0.0 (location: E:\AI\project\SimulatedShooting\Library\PackageCache\com.unity.modules.jsonserialize@1.0.0)
    com.unity.modules.particlesystem@1.0.0 (location: E:\AI\project\SimulatedShooting\Library\PackageCache\com.unity.modules.particlesystem@1.0.0)
    com.unity.modules.physics@1.0.0 (location: E:\AI\project\SimulatedShooting\Library\PackageCache\com.unity.modules.physics@1.0.0)
    com.unity.modules.physics2d@1.0.0 (location: E:\AI\project\SimulatedShooting\Library\PackageCache\com.unity.modules.physics2d@1.0.0)
    com.unity.modules.screencapture@1.0.0 (location: E:\AI\project\SimulatedShooting\Library\PackageCache\com.unity.modules.screencapture@1.0.0)
    com.unity.modules.terrain@1.0.0 (location: E:\AI\project\SimulatedShooting\Library\PackageCache\com.unity.modules.terrain@1.0.0)
    com.unity.modules.terrainphysics@1.0.0 (location: E:\AI\project\SimulatedShooting\Library\PackageCache\com.unity.modules.terrainphysics@1.0.0)
    com.unity.modules.tilemap@1.0.0 (location: E:\AI\project\SimulatedShooting\Library\PackageCache\com.unity.modules.tilemap@1.0.0)
    com.unity.modules.ui@1.0.0 (location: E:\AI\project\SimulatedShooting\Library\PackageCache\com.unity.modules.ui@1.0.0)
    com.unity.modules.uielements@1.0.0 (location: E:\AI\project\SimulatedShooting\Library\PackageCache\com.unity.modules.uielements@1.0.0)
    com.unity.modules.umbra@1.0.0 (location: E:\AI\project\SimulatedShooting\Library\PackageCache\com.unity.modules.umbra@1.0.0)
    com.unity.modules.unityanalytics@1.0.0 (location: E:\AI\project\SimulatedShooting\Library\PackageCache\com.unity.modules.unityanalytics@1.0.0)
    com.unity.modules.unitywebrequest@1.0.0 (location: E:\AI\project\SimulatedShooting\Library\PackageCache\com.unity.modules.unitywebrequest@1.0.0)
    com.unity.modules.unitywebrequestassetbundle@1.0.0 (location: E:\AI\project\SimulatedShooting\Library\PackageCache\com.unity.modules.unitywebrequestassetbundle@1.0.0)
    com.unity.modules.unitywebrequestaudio@1.0.0 (location: E:\AI\project\SimulatedShooting\Library\PackageCache\com.unity.modules.unitywebrequestaudio@1.0.0)
    com.unity.modules.unitywebrequesttexture@1.0.0 (location: E:\AI\project\SimulatedShooting\Library\PackageCache\com.unity.modules.unitywebrequesttexture@1.0.0)
    com.unity.modules.unitywebrequestwww@1.0.0 (location: E:\AI\project\SimulatedShooting\Library\PackageCache\com.unity.modules.unitywebrequestwww@1.0.0)
    com.unity.modules.vehicles@1.0.0 (location: E:\AI\project\SimulatedShooting\Library\PackageCache\com.unity.modules.vehicles@1.0.0)
    com.unity.modules.video@1.0.0 (location: E:\AI\project\SimulatedShooting\Library\PackageCache\com.unity.modules.video@1.0.0)
    com.unity.modules.vr@1.0.0 (location: E:\AI\project\SimulatedShooting\Library\PackageCache\com.unity.modules.vr@1.0.0)
    com.unity.modules.wind@1.0.0 (location: E:\AI\project\SimulatedShooting\Library\PackageCache\com.unity.modules.wind@1.0.0)
    com.unity.modules.xr@1.0.0 (location: E:\AI\project\SimulatedShooting\Library\PackageCache\com.unity.modules.xr@1.0.0)
    com.unity.modules.subsystems@1.0.0 (location: E:\AI\project\SimulatedShooting\Library\PackageCache\com.unity.modules.subsystems@1.0.0)
    com.unity.ugui@1.0.0 (location: E:\AI\project\SimulatedShooting\Library\PackageCache\com.unity.ugui@1.0.0)
    com.unity.render-pipelines.core@14.0.12 (location: E:\AI\project\SimulatedShooting\Library\PackageCache\com.unity.render-pipelines.core@14.0.12)
    com.unity.shadergraph@14.0.12 (location: E:\AI\project\SimulatedShooting\Library\PackageCache\com.unity.shadergraph@14.0.12)
    com.unity.render-pipelines.universal-config@14.0.10 (location: E:\AI\project\SimulatedShooting\Library\PackageCache\com.unity.render-pipelines.universal-config@14.0.10)
[Subsystems] Looking for new subsystems at path E:\AI\project\SimulatedShooting\Library\PackageCache\com.unity.xr.openxr@1.14.3
[Subsystems] Novel subsystem found at Library/PackageCache/com.unity.xr.openxr@1.14.3/Runtime/UnitySubsystemsManifest.json
[Subsystems] Discovering subsystems at path E:/2022.3.62f3c1/Editor/Data/Resources/UnitySubsystems
[Subsystems] Discovering subsystems at path E:/AI/project/SimulatedShooting/Assets
[Subsystems] Discovering subsystems at path E:\AI\project\SimulatedShooting\Library\PackageCache\com.unity.xr.openxr@1.14.3
[Subsystems] No descriptors matched for  examples in Library/PackageCache/com.unity.xr.openxr@1.14.3/Runtime/UnitySubsystemsManifest.json.
[Subsystems] 1 'inputs' descriptors matched in Library/PackageCache/com.unity.xr.openxr@1.14.3/Runtime/UnitySubsystemsManifest.json
[Subsystems] 1 'displays' descriptors matched in Library/PackageCache/com.unity.xr.openxr@1.14.3/Runtime/UnitySubsystemsManifest.json
[Subsystems] No descriptors matched for  meshings in Library/PackageCache/com.unity.xr.openxr@1.14.3/Runtime/UnitySubsystemsManifest.json.
[Subsystems] Discovering subsystems at path E:\AI\project\SimulatedShooting\Library\PackageCache\com.unity.xr.oculus@4.5.1
[Subsystems] No descriptors matched for  examples in Library/PackageCache/com.unity.xr.oculus@4.5.1/Runtime/UnitySubsystemsManifest.json.
[Subsystems] 1 'inputs' descriptors matched in Library/PackageCache/com.unity.xr.oculus@4.5.1/Runtime/UnitySubsystemsManifest.json
[Subsystems] 1 'displays' descriptors matched in Library/PackageCache/com.unity.xr.oculus@4.5.1/Runtime/UnitySubsystemsManifest.json
[Subsystems] No descriptors matched for  meshings in Library/PackageCache/com.unity.xr.oculus@4.5.1/Runtime/UnitySubsystemsManifest.json.
Package Manager log level set to [2]
[Package Manager] Done registering packages in 0.13 seconds
Artifact Garbage Collection - Removed 1 unused hashed content files
Refreshing native plugins compatible for Editor in 28.32 ms, found 13 plugins.
Preloading 1 native plugins for Editor in 0.85 ms.
Initialize engine version: 2022.3.62f3c1 (1623fc0bbb97)
[Subsystems] Discovering subsystems at path E:/2022.3.62f3c1/Editor/Data/Resources/UnitySubsystems
[Subsystems] Discovering subsystems at path E:/AI/project/SimulatedShooting/Assets
[Subsystems] Discovering subsystems at path E:\AI\project\SimulatedShooting\Library\PackageCache\com.unity.xr.openxr@1.14.3
[Subsystems] No descriptors matched for  examples in Library/PackageCache/com.unity.xr.openxr@1.14.3/Runtime/UnitySubsystemsManifest.json.
[Subsystems] 1 'inputs' descriptors matched in Library/PackageCache/com.unity.xr.openxr@1.14.3/Runtime/UnitySubsystemsManifest.json
[Subsystems] 1 'displays' descriptors matched in Library/PackageCache/com.unity.xr.openxr@1.14.3/Runtime/UnitySubsystemsManifest.json
[Subsystems] No descriptors matched for  meshings in Library/PackageCache/com.unity.xr.openxr@1.14.3/Runtime/UnitySubsystemsManifest.json.
[Subsystems] Discovering subsystems at path E:\AI\project\SimulatedShooting\Library\PackageCache\com.unity.xr.oculus@4.5.1
[Subsystems] No descriptors matched for  examples in Library/PackageCache/com.unity.xr.oculus@4.5.1/Runtime/UnitySubsystemsManifest.json.
[Subsystems] 1 'inputs' descriptors matched in Library/PackageCache/com.unity.xr.oculus@4.5.1/Runtime/UnitySubsystemsManifest.json
[Subsystems] 1 'displays' descriptors matched in Library/PackageCache/com.unity.xr.oculus@4.5.1/Runtime/UnitySubsystemsManifest.json
[Subsystems] No descriptors matched for  meshings in Library/PackageCache/com.unity.xr.oculus@4.5.1/Runtime/UnitySubsystemsManifest.json.
GfxDevice: creating device client; threaded=1; jobified=0
Direct3D:
    Version:  Direct3D 11.0 [level 11.1]
    Renderer: NVIDIA GeForce RTX 3060 Laptop GPU (ID=0x2560)
    Vendor:   NVIDIA
    VRAM:     6010 MB
    Driver:   31.0.15.4630
[Licensing::Client] Successfully resolved entitlement details
Initialize mono
Mono path[0] = 'E:/2022.3.62f3c1/Editor/Data/Managed'
Mono path[1] = 'E:/2022.3.62f3c1/Editor/Data/MonoBleedingEdge/lib/mono/unityjit-win32'
Mono config path = 'E:/2022.3.62f3c1/Editor/Data/MonoBleedingEdge/etc'
Using monoOptions --debugger-agent=transport=dt_socket,embedding=1,server=y,suspend=n,address=127.0.0.1:56620
Using cacheserver namespaces - metadata:defaultmetadata, artifacts:defaultartifacts
Using cacheserver namespaces - metadata:defaultmetadata, artifacts:defaultartifacts
ImportWorker Server TCP listen port: 0
Begin MonoManager ReloadAssembly
Registering precompiled unity dll's ...
Register platform support module: E:/2022.3.62f3c1/Editor/Data/PlaybackEngines/WindowsStandaloneSupport/UnityEditor.WindowsStandalone.Extensions.dll
Registered in 0.002659 seconds.
- Loaded All Assemblies, in  0.314 seconds
Native extension for WindowsStandalone target not found
Mono: successfully reloaded assembly
- Finished resetting the current domain, in  0.234 seconds
Domain Reload Profiling: 548ms
	BeginReloadAssembly (109ms)
		ExecutionOrderSort (0ms)
		DisableScriptedObjects (0ms)
		BackupInstance (0ms)
		ReleaseScriptingObjects (0ms)
		CreateAndSetChildDomain (1ms)
	RebuildCommonClasses (33ms)
	RebuildNativeTypeToScriptingClass (9ms)
	initialDomainReloadingComplete (45ms)
	LoadAllAssembliesAndSetupDomain (118ms)
		LoadAssemblies (109ms)
		RebuildTransferFunctionScriptingTraits (0ms)
		AnalyzeDomain (116ms)
			TypeCache.Refresh (115ms)
				TypeCache.ScanAssembly (104ms)
			ScanForSourceGeneratedMonoScriptInfo (0ms)
			ResolveRequiredComponents (0ms)
	FinalizeReload (234ms)
		ReleaseScriptCaches (0ms)
		RebuildScriptCaches (0ms)
		SetupLoadedEditorAssemblies (191ms)
			LogAssemblyErrors (0ms)
			InitializePlatformSupportModulesInManaged (7ms)
			SetLoadedEditorAssemblies (7ms)
			RefreshPlugins (0ms)
			BeforeProcessingInitializeOnLoad (2ms)
			ProcessInitializeOnLoadAttributes (127ms)
			ProcessInitializeOnLoadMethodAttributes (47ms)
			AfterProcessingInitializeOnLoad (0ms)
			EditorAssembliesLoaded (0ms)
		ExecutionOrderSort2 (0ms)
		AwakeInstancesAfterBackupRestoration (0ms)
[Licensing::Client] Successfully resolved entitlement details
Application.AssetDatabase Initial Refresh Start
[ScriptCompilation] Requested script compilation because: Assetdatabase observed changes in script compilation related files
Starting: E:\2022.3.62f3c1\Editor\Data\bee_backend.exe --ipc --defer-dag-verification --dagfile="Library/Bee/1900b0aE.dag" --continue-on-failure --profile="Library/Bee/backend1.traceevents" ScriptAssemblies
WorkingDir: E:/AI/project/SimulatedShooting
Starting: E:\2022.3.62f3c1\Editor\Data\Tools\netcorerun\netcorerun.exe "E:\2022.3.62f3c1\Editor\Data\Tools\BuildPipeline\ScriptCompilationBuildProgram.exe" "Library/Bee/1900b0aE.dag.json" "Library/Bee/1900b0aE-inputdata.json" "Library\Bee\buildprogram0.traceevents"
ExitCode: 4 Duration: 1s230ms
Rebuilding DAG because FileSignature timestamp changed: Library/Bee/1900b0aE-inputdata.json
[ 780/1023  0s] ILPP-Configuration Library/ilpp-configuration.nevergeneratedoutput
[ 781/1023  1s] Csc Library/Bee/artifacts/1900b0aE.dag/SimulatedShooting.Editor.dll (+2 others)
*** Tundra requires additional run (1.19 seconds), 2 items updated, 779 evaluated
WorkingDir: E:/AI/project/SimulatedShooting
ExitCode: 0 Duration: 0s587ms
Starting: E:\2022.3.62f3c1\Editor\Data\bee_backend.exe --ipc --defer-dag-verification --dagfile="Library/Bee/1900b0aE.dag" --continue-on-failure --dagfilejson="Library\Bee\1900b0aE.dag.json" --profile="Library/Bee/backend2.traceevents" ScriptAssemblies
WorkingDir: E:/AI/project/SimulatedShooting
ExitCode: 0 Duration: 0s852ms
Finished compiling graph: 1026 nodes, 15152 flattened edges (11998 ToBuild, 172 ToUse), maximum node priority 1090
[ 781/1023  0s] ILPP-Configuration Library/ilpp-configuration.nevergeneratedoutput
[1016/1023  0s] ILPostProcess Library/Bee/artifacts/1900b0aE.dag/post-processed/SimulatedShooting.Editor.dll (+pdb)
Processing assembly Library/Bee/artifacts/1900b0aE.dag/SimulatedShooting.Editor.dll, with 122 defines and 229 references

processors: zzzUnity.Burst.CodeGen.BurstILPostProcessor

running zzzUnity.Burst.CodeGen.BurstILPostProcessor
[1017/1023  0s] CopyFiles Library/ScriptAssemblies/SimulatedShooting.Editor.pdb
[1018/1023  0s] CopyFiles Library/ScriptAssemblies/SimulatedShooting.Editor.dll
[1019/1023  0s] Csc Library/Bee/artifacts/1900b0aE.dag/Assembly-CSharp.dll (+2 others)
[1020/1023  0s] ILPostProcess Library/Bee/artifacts/1900b0aE.dag/post-processed/Assembly-CSharp.dll (+pdb)
Processing assembly Library/Bee/artifacts/1900b0aE.dag/Assembly-CSharp.dll, with 124 defines and 280 references

processors: zzzUnity.Burst.CodeGen.BurstILPostProcessor

running zzzUnity.Burst.CodeGen.BurstILPostProcessor
[1021/1023  0s] CopyFiles Library/ScriptAssemblies/Assembly-CSharp.pdb
[1022/1023  0s] CopyFiles Library/ScriptAssemblies/Assembly-CSharp.dll
*** Tundra build success (0.83 seconds), 8 items updated, 1023 evaluated
AssetDatabase: script compilation time: 3.268915s
Begin MonoManager ReloadAssembly
- Loaded All Assemblies, in  0.692 seconds
Refreshing native plugins compatible for Editor in 10.06 ms, found 13 plugins.
Preloading 1 native plugins for Editor in 0.07 ms.
Start importing Assets/SimulatedShooting/Editor/ZeroingRangeSceneBuilder.cs using Guid(4fca972209cfb6247b4bb8f6fba670ec) Importer(-1,00000000000000000000000000000000) [PhysX] Initialized MultithreadedTaskDispatcher with 20 workers.
 -> (artifact id: 'f1646d19049f829420329e14f7392b8a') in 0.007811 seconds
Refreshing native plugins compatible for Editor in 9.66 ms, found 13 plugins.
Native extension for WindowsStandalone target not found
[XR] OculusXRPlugin: registering subsystems
[Subsystems] OculusXRPlugin successfully registered Provider for oculus display
[XR] Oculus Input lifecycle provider registered.
[Subsystems] OculusXRPlugin successfully registered Provider for oculus input
[Subsystems] OculusXRPlugin successfully registered Provider for oculus display
[XR] OVRP version 1.92.0
Mono: successfully reloaded assembly
- Finished resetting the current domain, in  2.611 seconds
Domain Reload Profiling: 3303ms
	BeginReloadAssembly (133ms)
		ExecutionOrderSort (0ms)
		DisableScriptedObjects (3ms)
		BackupInstance (0ms)
		ReleaseScriptingObjects (0ms)
		CreateAndSetChildDomain (22ms)
	RebuildCommonClasses (25ms)
	RebuildNativeTypeToScriptingClass (8ms)
	initialDomainReloadingComplete (21ms)
	LoadAllAssembliesAndSetupDomain (503ms)
		LoadAssemblies (367ms)
		RebuildTransferFunctionScriptingTraits (0ms)
		AnalyzeDomain (213ms)
			TypeCache.Refresh (177ms)
				TypeCache.ScanAssembly (163ms)
			ScanForSourceGeneratedMonoScriptInfo (24ms)
			ResolveRequiredComponents (10ms)
	FinalizeReload (2612ms)
		ReleaseScriptCaches (0ms)
		RebuildScriptCaches (0ms)
		SetupLoadedEditorAssemblies (2450ms)
			LogAssemblyErrors (0ms)
			InitializePlatformSupportModulesInManaged (2ms)
			SetLoadedEditorAssemblies (2ms)
			RefreshPlugins (0ms)
			BeforeProcessingInitializeOnLoad (57ms)
			ProcessInitializeOnLoadAttributes (2268ms)
			ProcessInitializeOnLoadMethodAttributes (117ms)
			AfterProcessingInitializeOnLoad (2ms)
			EditorAssembliesLoaded (0ms)
		ExecutionOrderSort2 (0ms)
		AwakeInstancesAfterBackupRestoration (8ms)
Start importing Assets/Settings/Project Configuration/Android Preset.asset using Guid(53a413327819a984d8ab1618c9e90a10) Importer(-1,00000000000000000000000000000000) [PhysX] Initialized MultithreadedTaskDispatcher with 20 workers.
 -> (artifact id: '2da3fa1e539c091f723fd15ec9a79133') in 0.003274 seconds
Start importing Assets/XR/Settings/Open XR Package Settings.asset using Guid(a9a6963505ddf7f4d886008c6dc86122) Importer(-1,00000000000000000000000000000000) [PhysX] Initialized MultithreadedTaskDispatcher with 20 workers.
 -> (artifact id: '4768febc3e11c5e0aa0ce0921fb18bf7') in 0.003853 seconds
Start importing Assets/Samples/XR Interaction Toolkit/3.1.2/Starter Assets/Prefabs/Interactors/Teleport Interactor.prefab using Guid(c1800acf6366418a9b5f610249000331) Importer(-1,00000000000000000000000000000000) [PhysX] Initialized MultithreadedTaskDispatcher with 20 workers.
[PhysX] Initialized MultithreadedTaskDispatcher with 20 workers.
 -> (artifact id: '872a2d5818cef7a844767226fe493654') in 0.025533 seconds
Start importing Assets/Samples/XR Interaction Toolkit/3.1.2/Starter Assets/Prefabs/XR Origin (XR Rig).prefab using Guid(f6336ac4ac8b4d34bc5072418cdc62a0) Importer(-1,00000000000000000000000000000000) [PhysX] Initialized MultithreadedTaskDispatcher with 20 workers.
[PhysX] Initialized MultithreadedTaskDispatcher with 20 workers.
 -> (artifact id: '1ca890b8eb2fd1a503dc587f626b5e47') in 0.083188 seconds
Start importing Assets/VRTemplateAssets/Prefabs/Setup/Complete XR Origin Set Up Variant.prefab using Guid(77e7c27b2c5525e4aa8cc9f99d654486) Importer(-1,00000000000000000000000000000000) [PhysX] Initialized MultithreadedTaskDispatcher with 20 workers.
[PhysX] Initialized MultithreadedTaskDispatcher with 20 workers.
 -> (artifact id: '67d65684b958d97a6170fe7f0cf6e598') in 0.109870 seconds
Refreshing native plugins compatible for Editor in 15.25 ms, found 13 plugins.
Preloading 1 native plugins for Editor in 0.08 ms.
Asset Pipeline Refresh (id=bcd40a9d20edc9041b7b1d5410c5cdf1): Total: 8.810 seconds - Initiated by InitialRefreshV2(ForceSynchronousImport)
	Summary:
		Imports: total=4 (actual=4, local cache=0, cache server=0)
		Asset DB Process Time: managed=3 ms, native=1956 ms
		Asset DB Callback time: managed=124 ms, native=19 ms
		Scripting: domain reloads=1, domain reload time=3382 ms, compile time=3270 ms, other=52 ms
		Project Asset Count: scripts=8403, non-scripts=2276
		Asset File Changes: new=0, changed=6, moved=0, deleted=4
		Scan Filter Count: 0
	InvokeBeforeRefreshCallbacks: 0.398ms
	ApplyChangesToAssetFolders: 0.055ms
	Scan: 260.704ms
	OnSourceAssetsModified: 1.966ms
	UnregisterDeletedAssets: 0.006ms
	GetAllGuidsForCategorization: 1.198ms
	CategorizeAssets: 186.539ms
	ImportOutOfDateAssets: 2935.951ms (-618.430ms without children)
		ImportManagerImport: 252.127ms (15.892ms without children)
			ImportInProcess: 236.148ms
			UpdateCategorizedAssets: 0.086ms
		CompileScripts: 3270.476ms
		ReloadNativeAssets: 0.063ms
		UnloadImportedAssets: 25.932ms
		ReloadImportedAssets: 0.263ms
		EnsureUptoDateAssetsAreRegisteredWithGuidPM: 3.856ms
		InitializingProgressBar: 0.013ms
		PostProcessAllAssetNotificationsAddChangedAssets: 0.001ms
		OnDemandSchedulerStart: 1.650ms
	PostProcessAllAssets: 122.657ms
	Hotreload: 18.335ms
	GatherAllCurrentPrimaryArtifactRevisions: 0.000ms
	UnloadStreamsBegin: 0.214ms
	PersistCurrentRevisions: 0.655ms
	UnloadStreamsEnd: 0.077ms
	GenerateScriptTypeHashes: 4.427ms
	Untracked: 5280.909ms
Application.AssetDatabase Initial Refresh End
Launched and connected shader compiler UnityShaderCompiler.exe after 0.07 seconds
Scanning for USB devices : 3.159ms
Initializing Unity extensions:
[Licensing::Client] Successfully resolved entitlement details
[MODES] ModeService[none].Initialize
[MODES] ModeService[none].LoadModes
[MODES] Loading mode Default (0) for mode-current-id-VR
[PhysX] Initialized MultithreadedTaskDispatcher with 20 workers.
ProgressiveSceneManager::Cancel()
Curl error 35: Cert verify failed. Certificate could not be verified (either omitted or unsupported). UnityTls error code: 7
Curl error 35: Cert verify failed. Certificate could not be verified (either omitted or unsupported). UnityTls error code: 7
Unloading 76 Unused Serialized files (Serialized files now loaded: 0)
Unloading 222 unused Assets / (6.7 MB). Loaded Objects now: 7443.
Memory consumption went from 226.2 MB to 219.5 MB.
Total: 6.999300 ms (FindLiveObjects: 0.349000 ms CreateObjectMapping: 0.231900 ms MarkObjects: 4.127200 ms  DeleteObjects: 2.289900 ms)

[LAYOUT] About to load C:/Users/Lenovo/AppData/Roaming/Unity/Editor-5.x/Preferences\Layouts\current\default-2022.dwlt, keepMainWindow=False
<RI> Initialized touch support.
<RI> Initialized touch support.
<RI> Initialized touch support.
<RI> Initialized touch support.
<RI> Initialized touch support.
<RI> Initialized touch support.
<RI> Initialized touch support.
[PhysX] Initialized MultithreadedTaskDispatcher with 20 workers.
[MODES] ModeService[default].InitializeCurrentMode
[MODES] ModeService[default].RaiseModeChanged(default, default)
Opening scene 'Assets/Scenes/ZeroingRangeScene.unity'
[PhysX] Initialized MultithreadedTaskDispatcher with 20 workers.
[PhysX] Initialized MultithreadedTaskDispatcher with 20 workers.
Unloading 7 Unused Serialized files (Serialized files now loaded: 0)
Loaded scene 'Assets/Scenes/ZeroingRangeScene.unity'
	Deserialize:            2.098 ms
	Integration:            211.167 ms
	Integration of assets:  0.003 ms
	Thread Wait Time:       0.043 ms
	Total Operation Time:   213.311 ms
Unloading 7 unused Assets / (3.6 KB). Loaded Objects now: 9102.
Memory consumption went from 206.7 MB to 206.7 MB.
Total: 7.436600 ms (FindLiveObjects: 0.431800 ms CreateObjectMapping: 0.270900 ms MarkObjects: 6.694600 ms  DeleteObjects: 0.038300 ms)

Running ZeroingRangeScene with the no-VR test camera.
UnityEngine.StackTraceUtility:ExtractStackTrace ()
UnityEngine.DebugLogHandler:LogFormat (UnityEngine.LogType,UnityEngine.Object,string,object[])
UnityEngine.Logger:Log (UnityEngine.LogType,object)
UnityEngine.Debug:Log (object)
SimulatedShooting.Editor.ZeroingRangeSceneBuilder:OpenAndPlay () (at Assets/SimulatedShooting/Editor/ZeroingRangeSceneBuilder.cs:33)

(Filename: Assets/SimulatedShooting/Editor/ZeroingRangeSceneBuilder.cs Line: 33)

IsTimeToCheckForNewEditor: Update time 1782914722 current 1782915487
<RI> Initializing input.
Using Windows.Gaming.Input
[Project] Loading completed in 18.330 seconds
	Project init time: 				11.371 seconds
		Template init time: 		0.000 seconds
		Package Manager init time: 		0.374 seconds
		Asset Database init time: 		0.300 seconds
		Global illumination init time: 	0.004 seconds
		Assemblies load time: 			0.559 seconds
		Unity extensions init time: 	0.008 seconds
		Asset Database refresh time: 	0.000 seconds
	Scene opening time: 			0.783 seconds
##utp:{"type":"ProjectInfo","version":2,"phase":"Immediate","time":1782915488005,"processId":23620,"projectLoad":18.3299589,"projectInit":11.3712316,"templateInit":0.0,"packageManagerInit":0.3738221,"assetDatabaseInit":0.3002145,"globalIlluminationInit":0.0042297,"assembliesLoad":0.5591036,"unityExtensionsInit":0.0077384,"assetDatabaseRefresh":0.0,"sceneOpening":0.7826849}
##utp:{"type":"EditorInfo","version":2,"phase":"Immediate","time":1782915488005,"processId":23620,"editorVersion":"2022.3.62f3c1 (1623fc0bbb97)","branch":"2022.3/china_unity/release","buildType":"Release","platform":"Windows"}
Launched and connected shader compiler UnityShaderCompiler.exe after 0.04 seconds
Launched and connected shader compiler UnityShaderCompiler.exe after 0.04 seconds
Launched and connected shader compiler UnityShaderCompiler.exe after 0.04 seconds
Launched and connected shader compiler UnityShaderCompiler.exe after 0.04 seconds
Asset Pipeline Refresh (id=3ea7d5c880b76a447a47228b61751b50): Total: 0.032 seconds - Initiated by RefreshV2(AllowForceSynchronousImport)
Launched and connected shader compiler UnityShaderCompiler.exe after 0.04 seconds
Reloading assemblies for play mode.
Reloading assemblies after forced synchronous recompile.
Begin MonoManager ReloadAssembly
Launched and connected shader compiler UnityShaderCompiler.exe after 0.04 seconds
- Loaded All Assemblies, in  0.577 seconds
Refreshing native plugins compatible for Editor in 10.59 ms, found 13 plugins.
Native extension for WindowsStandalone target not found
[MODES] ModeService[none].Initialize
[MODES] ModeService[none].LoadModes
[MODES] Loading mode Default (0) for mode-current-id-VR
[PhysX] Initialized MultithreadedTaskDispatcher with 20 workers.
Mono: successfully reloaded assembly
- Finished resetting the current domain, in  1.338 seconds
Domain Reload Profiling: 1918ms
	BeginReloadAssembly (461ms)
		ExecutionOrderSort (0ms)
		DisableScriptedObjects (36ms)
		BackupInstance (0ms)
		ReleaseScriptingObjects (0ms)
		CreateAndSetChildDomain (316ms)
	RebuildCommonClasses (21ms)
	RebuildNativeTypeToScriptingClass (7ms)
	initialDomainReloadingComplete (17ms)
	LoadAllAssembliesAndSetupDomain (72ms)
		LoadAssemblies (112ms)
		RebuildTransferFunctionScriptingTraits (0ms)
		AnalyzeDomain (20ms)
			TypeCache.Refresh (7ms)
				TypeCache.ScanAssembly (0ms)
			ScanForSourceGeneratedMonoScriptInfo (0ms)
			ResolveRequiredComponents (11ms)
	FinalizeReload (1339ms)
		ReleaseScriptCaches (0ms)
		RebuildScriptCaches (0ms)
		SetupLoadedEditorAssemblies (671ms)
			LogAssemblyErrors (0ms)
			InitializePlatformSupportModulesInManaged (3ms)
			SetLoadedEditorAssemblies (4ms)
			RefreshPlugins (0ms)
			BeforeProcessingInitializeOnLoad (58ms)
			ProcessInitializeOnLoadAttributes (530ms)
			ProcessInitializeOnLoadMethodAttributes (75ms)
			AfterProcessingInitializeOnLoad (1ms)
			EditorAssembliesLoaded (0ms)
		ExecutionOrderSort2 (0ms)
		AwakeInstancesAfterBackupRestoration (382ms)
Asset Pipeline Refresh (id=4f174d9bffa46b145a4ff417f88fddb6): Total: 2.294 seconds - Initiated by StopAssetImportingV2(ForceSynchronousImport | ForceDomainReload)
	Summary:
		Imports: total=0 (actual=0, local cache=0, cache server=0)
		Asset DB Process Time: managed=0 ms, native=322 ms
		Asset DB Callback time: managed=9 ms, native=0 ms
		Scripting: domain reloads=1, domain reload time=1959 ms, compile time=1 ms, other=0 ms
		Project Asset Count: scripts=8403, non-scripts=2276
		Asset File Changes: new=0, changed=0, moved=0, deleted=0
		Scan Filter Count: 0
	InvokeBeforeRefreshCallbacks: 0.377ms
	ApplyChangesToAssetFolders: 0.060ms
	Scan: 0.001ms
	OnSourceAssetsModified: 0.001ms
	GetAllGuidsForCategorization: 0.579ms
	CategorizeAssets: 152.630ms
	ImportOutOfDateAssets: 1382.896ms (1375.196ms without children)
		CompileScripts: 1.448ms
		CollectScriptTypesHashes: 0.658ms
		ReloadNativeAssets: 0.536ms
		UnloadImportedAssets: 0.910ms
		EnsureUptoDateAssetsAreRegisteredWithGuidPM: 2.272ms
		InitializingProgressBar: 0.000ms
		PostProcessAllAssetNotificationsAddChangedAssets: 0.000ms
		OnDemandSchedulerStart: 1.876ms
	PostProcessAllAssets: 9.204ms
	GatherAllCurrentPrimaryArtifactRevisions: 0.538ms
	UnloadStreamsBegin: 0.072ms
	PersistCurrentRevisions: 0.330ms
	UnloadStreamsEnd: 0.087ms
	GenerateScriptTypeHashes: 4.500ms
	Untracked: 746.813ms
<RI> Initialized touch support.
[PhysX] Initialized MultithreadedTaskDispatcher with 20 workers.
[XR] Time interace not found - delta time prediction disabled.
[Subsystems] OpenXR XR Plugin successfully registered Provider for OpenXR Display
[Subsystems] OculusXRPlugin successfully registered Provider for oculus input
[Subsystems] OculusXRPlugin successfully registered Provider for oculus display
[Subsystems] OpenXR XR Plugin successfully registered Provider for OpenXR Input
[Subsystems] OpenXR XR Plugin successfully registered Provider for OpenXR Display
[Subsystems] OculusXRPlugin successfully registered Provider for oculus input
[Subsystems] OculusXRPlugin successfully registered Provider for oculus display
The referenced script on this Behaviour (Game Object '<null>') is missing!
UnityEngine.StackTraceUtility:ExtractStackTrace ()
UnityEditor.XR.OpenXR.Features.FeatureHelpersInternal:GetAllFeatureInfo (UnityEditor.BuildTargetGroup) (at ./Library/PackageCache/com.unity.xr.openxr@1.14.3/Editor/FeatureSupport/FeatureHelpers.cs:147)
UnityEditor.XR.OpenXR.Features.OpenXRChooseRuntimeLibraries:GetLoaderLibraryPath () (at ./Library/PackageCache/com.unity.xr.openxr@1.14.3/Editor/FeatureSupport/OpenXRChooseRuntimeLibraries.cs:17)
UnityEditor.XR.OpenXR.OpenXRPackageSettings:GetActiveLoaderLibraryPath () (at ./Library/PackageCache/com.unity.xr.openxr@1.14.3/Editor/OpenXRPackageSettings.cs:116)
UnityEngine.XR.OpenXR.OpenXRLoaderBase:LoadOpenXRSymbols () (at ./Library/PackageCache/com.unity.xr.openxr@1.14.3/Runtime/OpenXRLoader.cs:546)
UnityEngine.XR.OpenXR.OpenXRLoaderBase:InitializeInternal () (at ./Library/PackageCache/com.unity.xr.openxr@1.14.3/Runtime/OpenXRLoader.cs:233)
UnityEngine.XR.OpenXR.OpenXRLoaderBase:Initialize () (at ./Library/PackageCache/com.unity.xr.openxr@1.14.3/Runtime/OpenXRLoader.cs:203)
UnityEngine.XR.Management.XRManagerSettings:InitializeLoaderSync () (at ./Library/PackageCache/com.unity.xr.management@4.5.1/Runtime/XRManagerSettings.cs:190)
UnityEngine.XR.Management.XRGeneralSettings:InitXRSDK () (at ./Library/PackageCache/com.unity.xr.management@4.5.1/Runtime/XRGeneralSettings.cs:175)
UnityEngine.XR.Management.XRGeneralSettings:AttemptInitializeXRSDKOnLoad () (at ./Library/PackageCache/com.unity.xr.management@4.5.1/Runtime/XRGeneralSettings.cs:148)

[./Library/PackageCache/com.unity.xr.openxr@1.14.3/Editor/FeatureSupport/FeatureHelpers.cs line 147]

The referenced script (Unknown) on this Behaviour is missing!
UnityEngine.StackTraceUtility:ExtractStackTrace ()
UnityEditor.XR.OpenXR.Features.FeatureHelpersInternal:GetAllFeatureInfo (UnityEditor.BuildTargetGroup) (at ./Library/PackageCache/com.unity.xr.openxr@1.14.3/Editor/FeatureSupport/FeatureHelpers.cs:147)
UnityEditor.XR.OpenXR.Features.OpenXRChooseRuntimeLibraries:GetLoaderLibraryPath () (at ./Library/PackageCache/com.unity.xr.openxr@1.14.3/Editor/FeatureSupport/OpenXRChooseRuntimeLibraries.cs:17)
UnityEditor.XR.OpenXR.OpenXRPackageSettings:GetActiveLoaderLibraryPath () (at ./Library/PackageCache/com.unity.xr.openxr@1.14.3/Editor/OpenXRPackageSettings.cs:116)
UnityEngine.XR.OpenXR.OpenXRLoaderBase:LoadOpenXRSymbols () (at ./Library/PackageCache/com.unity.xr.openxr@1.14.3/Runtime/OpenXRLoader.cs:546)
UnityEngine.XR.OpenXR.OpenXRLoaderBase:InitializeInternal () (at ./Library/PackageCache/com.unity.xr.openxr@1.14.3/Runtime/OpenXRLoader.cs:233)
UnityEngine.XR.OpenXR.OpenXRLoaderBase:Initialize () (at ./Library/PackageCache/com.unity.xr.openxr@1.14.3/Runtime/OpenXRLoader.cs:203)
UnityEngine.XR.Management.XRManagerSettings:InitializeLoaderSync () (at ./Library/PackageCache/com.unity.xr.management@4.5.1/Runtime/XRManagerSettings.cs:190)
UnityEngine.XR.Management.XRGeneralSettings:InitXRSDK () (at ./Library/PackageCache/com.unity.xr.management@4.5.1/Runtime/XRGeneralSettings.cs:175)
UnityEngine.XR.Management.XRGeneralSettings:AttemptInitializeXRSDKOnLoad () (at ./Library/PackageCache/com.unity.xr.management@4.5.1/Runtime/XRGeneralSettings.cs:148)

[./Library/PackageCache/com.unity.xr.openxr@1.14.3/Editor/FeatureSupport/FeatureHelpers.cs line 147]

The referenced script on this Behaviour (Game Object '<null>') is missing!
UnityEngine.StackTraceUtility:ExtractStackTrace ()
UnityEditor.XR.OpenXR.Features.FeatureHelpersInternal:GetAllFeatureInfo (UnityEditor.BuildTargetGroup) (at ./Library/PackageCache/com.unity.xr.openxr@1.14.3/Editor/FeatureSupport/FeatureHelpers.cs:147)
UnityEditor.XR.OpenXR.Features.OpenXRChooseRuntimeLibraries:GetLoaderLibraryPath () (at ./Library/PackageCache/com.unity.xr.openxr@1.14.3/Editor/FeatureSupport/OpenXRChooseRuntimeLibraries.cs:17)
UnityEditor.XR.OpenXR.OpenXRPackageSettings:GetActiveLoaderLibraryPath () (at ./Library/PackageCache/com.unity.xr.openxr@1.14.3/Editor/OpenXRPackageSettings.cs:116)
UnityEngine.XR.OpenXR.OpenXRLoaderBase:LoadOpenXRSymbols () (at ./Library/PackageCache/com.unity.xr.openxr@1.14.3/Runtime/OpenXRLoader.cs:546)
UnityEngine.XR.OpenXR.OpenXRLoaderBase:InitializeInternal () (at ./Library/PackageCache/com.unity.xr.openxr@1.14.3/Runtime/OpenXRLoader.cs:233)
UnityEngine.XR.OpenXR.OpenXRLoaderBase:Initialize () (at ./Library/PackageCache/com.unity.xr.openxr@1.14.3/Runtime/OpenXRLoader.cs:203)
UnityEngine.XR.Management.XRManagerSettings:InitializeLoaderSync () (at ./Library/PackageCache/com.unity.xr.management@4.5.1/Runtime/XRManagerSettings.cs:190)
UnityEngine.XR.Management.XRGeneralSettings:InitXRSDK () (at ./Library/PackageCache/com.unity.xr.management@4.5.1/Runtime/XRGeneralSettings.cs:175)
UnityEngine.XR.Management.XRGeneralSettings:AttemptInitializeXRSDKOnLoad () (at ./Library/PackageCache/com.unity.xr.management@4.5.1/Runtime/XRGeneralSettings.cs:148)

[./Library/PackageCache/com.unity.xr.openxr@1.14.3/Editor/FeatureSupport/FeatureHelpers.cs line 147]

The referenced script on this Behaviour (Game Object '<null>') is missing!
UnityEngine.StackTraceUtility:ExtractStackTrace ()
UnityEditor.XR.OpenXR.Features.FeatureHelpersInternal:GetAllFeatureInfo (UnityEditor.BuildTargetGroup) (at ./Library/PackageCache/com.unity.xr.openxr@1.14.3/Editor/FeatureSupport/FeatureHelpers.cs:147)
UnityEditor.XR.OpenXR.Features.OpenXRChooseRuntimeLibraries:GetLoaderLibraryPath () (at ./Library/PackageCache/com.unity.xr.openxr@1.14.3/Editor/FeatureSupport/OpenXRChooseRuntimeLibraries.cs:17)
UnityEditor.XR.OpenXR.OpenXRPackageSettings:GetActiveLoaderLibraryPath () (at ./Library/PackageCache/com.unity.xr.openxr@1.14.3/Editor/OpenXRPackageSettings.cs:116)
UnityEngine.XR.OpenXR.OpenXRLoaderBase:LoadOpenXRSymbols () (at ./Library/PackageCache/com.unity.xr.openxr@1.14.3/Runtime/OpenXRLoader.cs:546)
UnityEngine.XR.OpenXR.OpenXRLoaderBase:InitializeInternal () (at ./Library/PackageCache/com.unity.xr.openxr@1.14.3/Runtime/OpenXRLoader.cs:233)
UnityEngine.XR.OpenXR.OpenXRLoaderBase:Initialize () (at ./Library/PackageCache/com.unity.xr.openxr@1.14.3/Runtime/OpenXRLoader.cs:203)
UnityEngine.XR.Management.XRManagerSettings:InitializeLoaderSync () (at ./Library/PackageCache/com.unity.xr.management@4.5.1/Runtime/XRManagerSettings.cs:190)
UnityEngine.XR.Management.XRGeneralSettings:InitXRSDK () (at ./Library/PackageCache/com.unity.xr.management@4.5.1/Runtime/XRGeneralSettings.cs:175)
UnityEngine.XR.Management.XRGeneralSettings:AttemptInitializeXRSDKOnLoad () (at ./Library/PackageCache/com.unity.xr.management@4.5.1/Runtime/XRGeneralSettings.cs:148)

[./Library/PackageCache/com.unity.xr.openxr@1.14.3/Editor/FeatureSupport/FeatureHelpers.cs line 147]

[Subsystems] Loading plugin UnityOpenXR for subsystem OpenXR Display...
[XR] [40152] [22:18:11.278][Info   ] Available Layers: (0)
[XR] [40152] [22:18:16.782][Error  ] xrGetSystem: XR_ERROR_FORM_FACTOR_UNAVAILABLE
[XR] [40152] [22:18:16.782][Info   ] 

==== Start Unity OpenXR Diagnostic Report ====


[XR] [40152] [22:18:16.782][Info   ] ==== Report Reason: Uncaught Exception ====


[XR] [40152] [22:18:16.782][Info   ] ==== OpenXR Init Info ====
[XR] [40152] [22:18:16.782][Info   ] 
[XR] [40152] [22:18:16.782][Info   ] Stage 1 Missing Entry Points: (1)
[XR] [40152] [22:18:16.782][Info   ]   xrInitializeLoaderKHR
[XR] [40152] [22:18:16.782][Info   ] 
[XR] [40152] [22:18:16.782][Info   ] ==== OpenXR Runtime Info ====
[XR] [40152] [22:18:16.782][Info   ] 
[XR] [40152] [22:18:16.782][Info   ] Available Runtime Extensions: (39)
[XR] [40152] [22:18:16.782][Info   ]   XR_KHR_vulkan_enable: Version=9
[XR] [40152] [22:18:16.782][Info   ]   XR_KHR_vulkan_enable2: Version=3
[XR] [40152] [22:18:16.782][Info   ]   XR_KHR_D3D11_enable: Version=10
[XR] [40152] [22:18:16.782][Info   ]   XR_KHR_D3D12_enable: Version=10
[XR] [40152] [22:18:16.782][Info   ]   XR_KHR_opengl_enable: Version=11
[XR] [40152] [22:18:16.782][Info   ]   XR_KHR_win32_convert_performance_counter_time: Version=1
[XR] [40152] [22:18:16.782][Info   ]   XR_EXT_win32_appcontainer_compatible: Version=1
[XR] [40152] [22:18:16.782][Info   ]   XR_KHR_binding_modification: Version=1
[XR] [40152] [22:18:16.782][Info   ]   XR_KHR_composition_layer_depth: Version=6
[XR] [40152] [22:18:16.782][Info   ]   XR_KHR_locate_spaces: Version=1
[XR] [40152] [22:18:16.782][Info   ]   XR_KHR_visibility_mask: Version=2
[XR] [40152] [22:18:16.782][Info   ]   XR_EXT_active_action_set_priority: Version=1
[XR] [40152] [22:18:16.782][Info   ]   XR_EXT_dpad_binding: Version=1
[XR] [40152] [22:18:16.782][Info   ]   XR_EXT_eye_gaze_interaction: Version=2
[XR] [40152] [22:18:16.782][Info   ]   XR_EXT_frame_composition_report: Version=4
[XR] [40152] [22:18:16.782][Info   ]   XR_EXT_hand_interaction: Version=2
[XR] [40152] [22:18:16.782][Info   ]   XR_EXT_hand_tracking: Version=4
[XR] [40152] [22:18:16.782][Info   ]   XR_EXT_hand_tracking_data_source: Version=1
[XR] [40152] [22:18:16.782][Info   ]   XR_EXT_hand_joints_motion_range: Version=1
[XR] [40152] [22:18:16.782][Info   ]   XR_EXT_hp_mixed_reality_controller: Version=1
[XR] [40152] [22:18:16.782][Info   ]   XR_EXT_local_floor: Version=1
[XR] [40152] [22:18:16.782][Info   ]   XR_EXT_palm_pose: Version=3
[XR] [40152] [22:18:16.783][Info   ]   XR_EXT_uuid: Version=1
[XR] [40152] [22:18:16.783][Info   ]   XR_EXT_user_presence: Version=1
[XR] [40152] [22:18:16.783][Info   ]   XR_EXT_render_model: Version=1
[XR] [40152] [22:18:16.783][Info   ]   XR_EXT_interaction_render_model: Version=1
[XR] [40152] [22:18:16.783][Info   ]   XR_FB_display_refresh_rate: Version=1
[XR] [40152] [22:18:16.783][Info   ]   XR_HTC_vive_cosmos_controller_interaction: Version=1
[XR] [40152] [22:18:16.783][Info   ]   XR_HTC_vive_focus3_controller_interaction: Version=2
[XR] [40152] [22:18:16.783][Info   ]   XR_HTC_vive_wrist_tracker_interaction: Version=1
[XR] [40152] [22:18:16.783][Info   ]   XR_MND_headless: Version=3
[XR] [40152] [22:18:16.783][Info   ]   XR_VALVE_analog_threshold: Version=2
[XR] [40152] [22:18:16.783][Info   ]   XR_META_performance_metrics: Version=2
[XR] [40152] [22:18:16.783][Info   ]   XR_VALVE_timing_utils: Version=1
[XR] [40152] [22:18:16.783][Info   ]   XR_META_recommended_layer_resolution: Version=1
[XR] [40152] [22:18:16.783][Info   ]   XR_HTCX_vive_tracker_interaction: Version=3
[XR] [40152] [22:18:16.783][Info   ]   XR_KHR_generic_controller: Version=1
[XR] [40152] [22:18:16.783][Info   ]   XR_VALVE_frame_controller_interaction: Version=1
[XR] [40152] [22:18:16.783][Info   ]   XR_EXT_debug_utils: Version=5
[XR] [40152] [22:18:16.783][Info   ] 
[XR] [40152] [22:18:16.783][Info   ] Available Layers: (0)
[XR] [40152] [22:18:16.783][Info   ] 
[XR] [40152] [22:18:16.783][Info   ] Runtime Name: SteamVR/OpenXR
[XR] [40152] [22:18:16.783][Info   ] Runtime Version: 2.15.6
[XR] [40152] [22:18:16.783][Info   ] 
[XR] [40152] [22:18:16.783][Info   ] ==== OpenXR Exception Thrown ====
[XR] [40152] [22:18:16.783][Info   ] 
[XR] [40152] [22:18:16.783][Info   ] Error: XrResult failure [XR_ERROR_FORM_FACTOR_UNAVAILABLE]
[XR] [40152] [22:18:16.783][Info   ]     Origin: result
[XR] [40152] [22:18:16.783][Info   ]     Source: C:\build\output\unity\xr.sdk.openxr\NativePlugin\Source\unity_session.cpp:281
[XR] [40152] [22:18:16.783][Info   ] 
[XR] [40152] [22:18:16.783][Info   ] 
[XR] [40152] [22:18:16.783][Info   ] ==== Std Exception Thrown ====
[XR] [40152] [22:18:16.783][Info   ] 
[XR] [40152] [22:18:16.783][Info   ] Function: Display_Initialize
[XR] [40152] [22:18:16.783][Info   ] Message: XrResult failure [XR_ERROR_FORM_FACTOR_UNAVAILABLE]
[XR] [40152] [22:18:16.783][Info   ]     Origin: result
[XR] [40152] [22:18:16.783][Info   ]     Source: C:\build\output\unity\xr.sdk.openxr\NativePlugin\Source\unity_session.cpp:281
[XR] [40152] [22:18:16.783][Info   ] 
[XR] [40152] [22:18:16.783][Info   ] ==== Last 20 non-XR_SUCCESS returns ====
[XR] [40152] [22:18:16.783][Info   ] [FAILURE] xrGetSystem: XR_ERROR_FORM_FACTOR_UNAVAILABLE (1x)
[XR] [40152] [22:18:16.783][Info   ] 
[XR] [40152] [22:18:16.783][Info   ] ==== Last 20 Events ====
[XR] [40152] [22:18:16.783][Info   ] 

==== End Unity OpenXR Diagnostic Report ====


[Subsystems] Failed to initialize subsystem OpenXR Display [error: 1]
[XR] [40152] [22:18:16.785][Info   ] 

==== Start Unity OpenXR Diagnostic Report ====


[XR] [40152] [22:18:16.785][Info   ] ==== Report Reason: System Shutdown ====


[XR] [40152] [22:18:16.785][Info   ] ==== OpenXR Init Info ====
[XR] [40152] [22:18:16.785][Info   ] 
[XR] [40152] [22:18:16.785][Info   ] Stage 1 Missing Entry Points: (1)
[XR] [40152] [22:18:16.785][Info   ]   xrInitializeLoaderKHR
[XR] [40152] [22:18:16.785][Info   ] 
[XR] [40152] [22:18:16.785][Info   ] ==== OpenXR Runtime Info ====
[XR] [40152] [22:18:16.785][Info   ] 
[XR] [40152] [22:18:16.785][Info   ] Available Runtime Extensions: (39)
[XR] [40152] [22:18:16.785][Info   ]   XR_KHR_vulkan_enable: Version=9
[XR] [40152] [22:18:16.785][Info   ]   XR_KHR_vulkan_enable2: Version=3
[XR] [40152] [22:18:16.785][Info   ]   XR_KHR_D3D11_enable: Version=10
[XR] [40152] [22:18:16.785][Info   ]   XR_KHR_D3D12_enable: Version=10
[XR] [40152] [22:18:16.785][Info   ]   XR_KHR_opengl_enable: Version=11
[XR] [40152] [22:18:16.785][Info   ]   XR_KHR_win32_convert_performance_counter_time: Version=1
[XR] [40152] [22:18:16.785][Info   ]   XR_EXT_win32_appcontainer_compatible: Version=1
[XR] [40152] [22:18:16.785][Info   ]   XR_KHR_binding_modification: Version=1
[XR] [40152] [22:18:16.785][Info   ]   XR_KHR_composition_layer_depth: Version=6
[XR] [40152] [22:18:16.785][Info   ]   XR_KHR_locate_spaces: Version=1
[XR] [40152] [22:18:16.785][Info   ]   XR_KHR_visibility_mask: Version=2
[XR] [40152] [22:18:16.785][Info   ]   XR_EXT_active_action_set_priority: Version=1
[XR] [40152] [22:18:16.785][Info   ]   XR_EXT_dpad_binding: Version=1
[XR] [40152] [22:18:16.785][Info   ]   XR_EXT_eye_gaze_interaction: Version=2
[XR] [40152] [22:18:16.785][Info   ]   XR_EXT_frame_composition_report: Version=4
[XR] [40152] [22:18:16.785][Info   ]   XR_EXT_hand_interaction: Version=2
[XR] [40152] [22:18:16.785][Info   ]   XR_EXT_hand_tracking: Version=4
[XR] [40152] [22:18:16.785][Info   ]   XR_EXT_hand_tracking_data_source: Version=1
[XR] [40152] [22:18:16.785][Info   ]   XR_EXT_hand_joints_motion_range: Version=1
[XR] [40152] [22:18:16.785][Info   ]   XR_EXT_hp_mixed_reality_controller: Version=1
[XR] [40152] [22:18:16.785][Info   ]   XR_EXT_local_floor: Version=1
[XR] [40152] [22:18:16.785][Info   ]   XR_EXT_palm_pose: Version=3
[XR] [40152] [22:18:16.785][Info   ]   XR_EXT_uuid: Version=1
[XR] [40152] [22:18:16.785][Info   ]   XR_EXT_user_presence: Version=1
[XR] [40152] [22:18:16.785][Info   ]   XR_EXT_render_model: Version=1
[XR] [40152] [22:18:16.785][Info   ]   XR_EXT_interaction_render_model: Version=1
[XR] [40152] [22:18:16.785][Info   ]   XR_FB_display_refresh_rate: Version=1
[XR] [40152] [22:18:16.785][Info   ]   XR_HTC_vive_cosmos_controller_interaction: Version=1
[XR] [40152] [22:18:16.785][Info   ]   XR_HTC_vive_focus3_controller_interaction: Version=2
[XR] [40152] [22:18:16.785][Info   ]   XR_HTC_vive_wrist_tracker_interaction: Version=1
[XR] [40152] [22:18:16.785][Info   ]   XR_MND_headless: Version=3
[XR] [40152] [22:18:16.785][Info   ]   XR_VALVE_analog_threshold: Version=2
[XR] [40152] [22:18:16.785][Info   ]   XR_META_performance_metrics: Version=2
[XR] [40152] [22:18:16.785][Info   ]   XR_VALVE_timing_utils: Version=1
[XR] [40152] [22:18:16.785][Info   ]   XR_META_recommended_layer_resolution: Version=1
[XR] [40152] [22:18:16.785][Info   ]   XR_HTCX_vive_tracker_interaction: Version=3
[XR] [40152] [22:18:16.785][Info   ]   XR_KHR_generic_controller: Version=1
[XR] [40152] [22:18:16.785][Info   ]   XR_VALVE_frame_controller_interaction: Version=1
[XR] [40152] [22:18:16.785][Info   ]   XR_EXT_debug_utils: Version=5
[XR] [40152] [22:18:16.785][Info   ] 
[XR] [40152] [22:18:16.785][Info   ] Available Layers: (0)
[XR] [40152] [22:18:16.785][Info   ] 
[XR] [40152] [22:18:16.785][Info   ] Runtime Name: SteamVR/OpenXR
[XR] [40152] [22:18:16.785][Info   ] Runtime Version: 2.15.6
[XR] [40152] [22:18:16.785][Info   ] 
[XR] [40152] [22:18:16.785][Info   ] ==== OpenXR Exception Thrown ====
[XR] [40152] [22:18:16.785][Info   ] 
[XR] [40152] [22:18:16.785][Info   ] Error: XrResult failure [XR_ERROR_FORM_FACTOR_UNAVAILABLE]
[XR] [40152] [22:18:16.785][Info   ]     Origin: result
[XR] [40152] [22:18:16.785][Info   ]     Source: C:\build\output\unity\xr.sdk.openxr\NativePlugin\Source\unity_session.cpp:281
[XR] [40152] [22:18:16.785][Info   ] 
[XR] [40152] [22:18:16.785][Info   ] 
[XR] [40152] [22:18:16.785][Info   ] ==== Std Exception Thrown ====
[XR] [40152] [22:18:16.785][Info   ] 
[XR] [40152] [22:18:16.785][Info   ] Function: Display_Initialize
[XR] [40152] [22:18:16.785][Info   ] Message: XrResult failure [XR_ERROR_FORM_FACTOR_UNAVAILABLE]
[XR] [40152] [22:18:16.785][Info   ]     Origin: result
[XR] [40152] [22:18:16.785][Info   ]     Source: C:\build\output\unity\xr.sdk.openxr\NativePlugin\Source\unity_session.cpp:281
[XR] [40152] [22:18:16.785][Info   ] 
[XR] [40152] [22:18:16.785][Info   ] ==== Last 20 non-XR_SUCCESS returns ====
[XR] [40152] [22:18:16.785][Info   ] [FAILURE] xrGetSystem: XR_ERROR_FORM_FACTOR_UNAVAILABLE (1x)
[XR] [40152] [22:18:16.785][Info   ] 
[XR] [40152] [22:18:16.785][Info   ] ==== Last 20 Events ====
[XR] [40152] [22:18:16.785][Info   ] 

==== End Unity OpenXR Diagnostic Report ====


[XR] XR_META_performance_metrics: Attempted to stop before session ready
Loaded scene 'Temp/__Backupscenes/0.backup'
	Deserialize:            16.958 ms
	Integration:            5778.028 ms
	Integration of assets:  0.216 ms
	Thread Wait Time:       -0.011 ms
	Total Operation Time:   5795.190 ms
EditorUpdateCheck: Failed The requested URL returned error: 404
Created GICache directory at C:/Users/Lenovo/AppData/LocalLow/Unity/Caches/GiCache. Took: 0.050s, timestamps: [27.749 - 27.799]
TrimDiskCacheJob: Current cache size 0mb
Scanning for USB devices : 2.563ms
[PhysX] Initialized MultithreadedTaskDispatcher with 20 workers.
Unloading 12 Unused Serialized files (Serialized files now loaded: 0)
Loaded scene 'Temp/__Backupscenes/0.backup'
	Deserialize:            9.326 ms
	Integration:            158.669 ms
	Integration of assets:  0.015 ms
	Thread Wait Time:       0.025 ms
	Total Operation Time:   168.035 ms
Unloading 236 unused Assets / (15.0 MB). Loaded Objects now: 9836.
Memory consumption went from 232.6 MB to 217.5 MB.
Total: 11.881000 ms (FindLiveObjects: 0.541900 ms CreateObjectMapping: 0.267100 ms MarkObjects: 8.714400 ms  DeleteObjects: 2.356800 ms)

[Licensing::Client] Successfully resolved entitlement details
[PhysX] Initialized MultithreadedTaskDispatcher with 20 workers.
<RI> Initialized touch support.
<RI> Initialized touch support.
<RI> Initialized touch support.
<RI> Initialized touch support.
<RI> Initialized touch support.
[Licensing::Client] Successfully updated the access token
[Licensing::Module] Successfully updated access token: "L0OJXfXi"... (expires: 2027-07-01T14:19:00Z)
gi::BakeBackendSwitch: switching bake backend from 3 to 1.
[00:00:00] Builtin Sky manager started.
Curl error 35: Cert verify failed. Certificate could not be verified (either omitted or unsupported). UnityTls error code: 7
[Licensing::Client] Successfully resolved entitlement details
[00:00:00] Finished 1 Bake Ambient Probe job (0.00s execute, 0.00s integrate, 0.06s wallclock)
Curl error 35: Cert verify failed. Certificate could not be verified (either omitted or unsupported). UnityTls error code: 7
Starting cubemap convolution for '' (size 128)
...took 0.054 seconds
[PhysX] Initialized MultithreadedTaskDispatcher with 20 workers.
Reloading assemblies for play mode.
Reloading assemblies after forced synchronous recompile.
Begin MonoManager ReloadAssembly
- Loaded All Assemblies, in  0.577 seconds
Refreshing native plugins compatible for Editor in 9.96 ms, found 13 plugins.
Native extension for WindowsStandalone target not found
[MODES] ModeService[none].Initialize
[MODES] ModeService[none].LoadModes
[MODES] Loading mode Default (0) for mode-current-id-VR
[PhysX] Initialized MultithreadedTaskDispatcher with 20 workers.
Mono: successfully reloaded assembly
- Finished resetting the current domain, in  1.239 seconds
Domain Reload Profiling: 1819ms
	BeginReloadAssembly (460ms)
		ExecutionOrderSort (0ms)
		DisableScriptedObjects (12ms)
		BackupInstance (0ms)
		ReleaseScriptingObjects (0ms)
		CreateAndSetChildDomain (332ms)
	RebuildCommonClasses (22ms)
	RebuildNativeTypeToScriptingClass (7ms)
	initialDomainReloadingComplete (19ms)
	LoadAllAssembliesAndSetupDomain (71ms)
		LoadAssemblies (116ms)
		RebuildTransferFunctionScriptingTraits (0ms)
		AnalyzeDomain (19ms)
			TypeCache.Refresh (6ms)
				TypeCache.ScanAssembly (0ms)
			ScanForSourceGeneratedMonoScriptInfo (0ms)
			ResolveRequiredComponents (11ms)
	FinalizeReload (1240ms)
		ReleaseScriptCaches (0ms)
		RebuildScriptCaches (0ms)
		SetupLoadedEditorAssemblies (629ms)
			LogAssemblyErrors (0ms)
			InitializePlatformSupportModulesInManaged (3ms)
			SetLoadedEditorAssemblies (4ms)
			RefreshPlugins (0ms)
			BeforeProcessingInitializeOnLoad (59ms)
			ProcessInitializeOnLoadAttributes (490ms)
			ProcessInitializeOnLoadMethodAttributes (71ms)
			AfterProcessingInitializeOnLoad (1ms)
			EditorAssembliesLoaded (0ms)
		ExecutionOrderSort2 (0ms)
		AwakeInstancesAfterBackupRestoration (314ms)
Asset Pipeline Refresh (id=70b5072510ffff94789117bf74d65faf): Total: 2.185 seconds - Initiated by StopAssetImportingV2(ForceSynchronousImport | ForceDomainReload)
	Summary:
		Imports: total=0 (actual=0, local cache=0, cache server=0)
		Asset DB Process Time: managed=0 ms, native=317 ms
		Asset DB Callback time: managed=9 ms, native=0 ms
		Scripting: domain reloads=1, domain reload time=1857 ms, compile time=2 ms, other=0 ms
		Project Asset Count: scripts=8403, non-scripts=2276
		Asset File Changes: new=0, changed=0, moved=0, deleted=0
		Scan Filter Count: 0
	InvokeBeforeRefreshCallbacks: 0.373ms
	ApplyChangesToAssetFolders: 0.072ms
	Scan: 0.001ms
	OnSourceAssetsModified: 0.001ms
	GetAllGuidsForCategorization: 0.898ms
	CategorizeAssets: 146.503ms
	ImportOutOfDateAssets: 1280.734ms (1273.418ms without children)
		CompileScripts: 1.550ms
		CollectScriptTypesHashes: 0.102ms
		ReloadNativeAssets: 0.558ms
		UnloadImportedAssets: 0.940ms
		EnsureUptoDateAssetsAreRegisteredWithGuidPM: 2.083ms
		InitializingProgressBar: 0.001ms
		PostProcessAllAssetNotificationsAddChangedAssets: 0.000ms
		OnDemandSchedulerStart: 2.082ms
	PostProcessAllAssets: 9.044ms
	GatherAllCurrentPrimaryArtifactRevisions: 0.421ms
	UnloadStreamsBegin: 1.009ms
	PersistCurrentRevisions: 0.331ms
	UnloadStreamsEnd: 0.066ms
	GenerateScriptTypeHashes: 3.614ms
	Untracked: 745.963ms
<RI> Initialized touch support.
[PhysX] Initialized MultithreadedTaskDispatcher with 20 workers.
The referenced script on this Behaviour (Game Object '<null>') is missing!
UnityEngine.StackTraceUtility:ExtractStackTrace ()
UnityEditor.XR.OpenXR.Features.FeatureHelpersInternal:GetAllFeatureInfo (UnityEditor.BuildTargetGroup) (at ./Library/PackageCache/com.unity.xr.openxr@1.14.3/Editor/FeatureSupport/FeatureHelpers.cs:147)
UnityEditor.XR.OpenXR.Features.OpenXRChooseRuntimeLibraries:GetLoaderLibraryPath () (at ./Library/PackageCache/com.unity.xr.openxr@1.14.3/Editor/FeatureSupport/OpenXRChooseRuntimeLibraries.cs:17)
UnityEditor.XR.OpenXR.OpenXRPackageSettings:GetActiveLoaderLibraryPath () (at ./Library/PackageCache/com.unity.xr.openxr@1.14.3/Editor/OpenXRPackageSettings.cs:116)
UnityEngine.XR.OpenXR.OpenXRLoaderBase:LoadOpenXRSymbols () (at ./Library/PackageCache/com.unity.xr.openxr@1.14.3/Runtime/OpenXRLoader.cs:546)
UnityEngine.XR.OpenXR.OpenXRLoaderBase:InitializeInternal () (at ./Library/PackageCache/com.unity.xr.openxr@1.14.3/Runtime/OpenXRLoader.cs:233)
UnityEngine.XR.OpenXR.OpenXRLoaderBase:Initialize () (at ./Library/PackageCache/com.unity.xr.openxr@1.14.3/Runtime/OpenXRLoader.cs:203)
UnityEngine.XR.Management.XRManagerSettings:InitializeLoaderSync () (at ./Library/PackageCache/com.unity.xr.management@4.5.1/Runtime/XRManagerSettings.cs:190)
UnityEngine.XR.Management.XRGeneralSettings:InitXRSDK () (at ./Library/PackageCache/com.unity.xr.management@4.5.1/Runtime/XRGeneralSettings.cs:175)
UnityEngine.XR.Management.XRGeneralSettings:AttemptInitializeXRSDKOnLoad () (at ./Library/PackageCache/com.unity.xr.management@4.5.1/Runtime/XRGeneralSettings.cs:148)

[./Library/PackageCache/com.unity.xr.openxr@1.14.3/Editor/FeatureSupport/FeatureHelpers.cs line 147]

The referenced script (Unknown) on this Behaviour is missing!
UnityEngine.StackTraceUtility:ExtractStackTrace ()
UnityEditor.XR.OpenXR.Features.FeatureHelpersInternal:GetAllFeatureInfo (UnityEditor.BuildTargetGroup) (at ./Library/PackageCache/com.unity.xr.openxr@1.14.3/Editor/FeatureSupport/FeatureHelpers.cs:147)
UnityEditor.XR.OpenXR.Features.OpenXRChooseRuntimeLibraries:GetLoaderLibraryPath () (at ./Library/PackageCache/com.unity.xr.openxr@1.14.3/Editor/FeatureSupport/OpenXRChooseRuntimeLibraries.cs:17)
UnityEditor.XR.OpenXR.OpenXRPackageSettings:GetActiveLoaderLibraryPath () (at ./Library/PackageCache/com.unity.xr.openxr@1.14.3/Editor/OpenXRPackageSettings.cs:116)
UnityEngine.XR.OpenXR.OpenXRLoaderBase:LoadOpenXRSymbols () (at ./Library/PackageCache/com.unity.xr.openxr@1.14.3/Runtime/OpenXRLoader.cs:546)
UnityEngine.XR.OpenXR.OpenXRLoaderBase:InitializeInternal () (at ./Library/PackageCache/com.unity.xr.openxr@1.14.3/Runtime/OpenXRLoader.cs:233)
UnityEngine.XR.OpenXR.OpenXRLoaderBase:Initialize () (at ./Library/PackageCache/com.unity.xr.openxr@1.14.3/Runtime/OpenXRLoader.cs:203)
UnityEngine.XR.Management.XRManagerSettings:InitializeLoaderSync () (at ./Library/PackageCache/com.unity.xr.management@4.5.1/Runtime/XRManagerSettings.cs:190)
UnityEngine.XR.Management.XRGeneralSettings:InitXRSDK () (at ./Library/PackageCache/com.unity.xr.management@4.5.1/Runtime/XRGeneralSettings.cs:175)
UnityEngine.XR.Management.XRGeneralSettings:AttemptInitializeXRSDKOnLoad () (at ./Library/PackageCache/com.unity.xr.management@4.5.1/Runtime/XRGeneralSettings.cs:148)

[./Library/PackageCache/com.unity.xr.openxr@1.14.3/Editor/FeatureSupport/FeatureHelpers.cs line 147]

The referenced script on this Behaviour (Game Object '<null>') is missing!
UnityEngine.StackTraceUtility:ExtractStackTrace ()
UnityEditor.XR.OpenXR.Features.FeatureHelpersInternal:GetAllFeatureInfo (UnityEditor.BuildTargetGroup) (at ./Library/PackageCache/com.unity.xr.openxr@1.14.3/Editor/FeatureSupport/FeatureHelpers.cs:147)
UnityEditor.XR.OpenXR.Features.OpenXRChooseRuntimeLibraries:GetLoaderLibraryPath () (at ./Library/PackageCache/com.unity.xr.openxr@1.14.3/Editor/FeatureSupport/OpenXRChooseRuntimeLibraries.cs:17)
UnityEditor.XR.OpenXR.OpenXRPackageSettings:GetActiveLoaderLibraryPath () (at ./Library/PackageCache/com.unity.xr.openxr@1.14.3/Editor/OpenXRPackageSettings.cs:116)
UnityEngine.XR.OpenXR.OpenXRLoaderBase:LoadOpenXRSymbols () (at ./Library/PackageCache/com.unity.xr.openxr@1.14.3/Runtime/OpenXRLoader.cs:546)
UnityEngine.XR.OpenXR.OpenXRLoaderBase:InitializeInternal () (at ./Library/PackageCache/com.unity.xr.openxr@1.14.3/Runtime/OpenXRLoader.cs:233)
UnityEngine.XR.OpenXR.OpenXRLoaderBase:Initialize () (at ./Library/PackageCache/com.unity.xr.openxr@1.14.3/Runtime/OpenXRLoader.cs:203)
UnityEngine.XR.Management.XRManagerSettings:InitializeLoaderSync () (at ./Library/PackageCache/com.unity.xr.management@4.5.1/Runtime/XRManagerSettings.cs:190)
UnityEngine.XR.Management.XRGeneralSettings:InitXRSDK () (at ./Library/PackageCache/com.unity.xr.management@4.5.1/Runtime/XRGeneralSettings.cs:175)
UnityEngine.XR.Management.XRGeneralSettings:AttemptInitializeXRSDKOnLoad () (at ./Library/PackageCache/com.unity.xr.management@4.5.1/Runtime/XRGeneralSettings.cs:148)

[./Library/PackageCache/com.unity.xr.openxr@1.14.3/Editor/FeatureSupport/FeatureHelpers.cs line 147]

The referenced script on this Behaviour (Game Object '<null>') is missing!
UnityEngine.StackTraceUtility:ExtractStackTrace ()
UnityEditor.XR.OpenXR.Features.FeatureHelpersInternal:GetAllFeatureInfo (UnityEditor.BuildTargetGroup) (at ./Library/PackageCache/com.unity.xr.openxr@1.14.3/Editor/FeatureSupport/FeatureHelpers.cs:147)
UnityEditor.XR.OpenXR.Features.OpenXRChooseRuntimeLibraries:GetLoaderLibraryPath () (at ./Library/PackageCache/com.unity.xr.openxr@1.14.3/Editor/FeatureSupport/OpenXRChooseRuntimeLibraries.cs:17)
UnityEditor.XR.OpenXR.OpenXRPackageSettings:GetActiveLoaderLibraryPath () (at ./Library/PackageCache/com.unity.xr.openxr@1.14.3/Editor/OpenXRPackageSettings.cs:116)
UnityEngine.XR.OpenXR.OpenXRLoaderBase:LoadOpenXRSymbols () (at ./Library/PackageCache/com.unity.xr.openxr@1.14.3/Runtime/OpenXRLoader.cs:546)
UnityEngine.XR.OpenXR.OpenXRLoaderBase:InitializeInternal () (at ./Library/PackageCache/com.unity.xr.openxr@1.14.3/Runtime/OpenXRLoader.cs:233)
UnityEngine.XR.OpenXR.OpenXRLoaderBase:Initialize () (at ./Library/PackageCache/com.unity.xr.openxr@1.14.3/Runtime/OpenXRLoader.cs:203)
UnityEngine.XR.Management.XRManagerSettings:InitializeLoaderSync () (at ./Library/PackageCache/com.unity.xr.management@4.5.1/Runtime/XRManagerSettings.cs:190)
UnityEngine.XR.Management.XRGeneralSettings:InitXRSDK () (at ./Library/PackageCache/com.unity.xr.management@4.5.1/Runtime/XRGeneralSettings.cs:175)
UnityEngine.XR.Management.XRGeneralSettings:AttemptInitializeXRSDKOnLoad () (at ./Library/PackageCache/com.unity.xr.management@4.5.1/Runtime/XRGeneralSettings.cs:148)

[./Library/PackageCache/com.unity.xr.openxr@1.14.3/Editor/FeatureSupport/FeatureHelpers.cs line 147]

[Subsystems] Loading plugin UnityOpenXR for subsystem OpenXR Display...
[XR] [40152] [22:19:10.724][Info   ] Available Layers: (0)
[XR] [40152] [22:19:16.265][Error  ] xrGetSystem: XR_ERROR_FORM_FACTOR_UNAVAILABLE
[XR] [40152] [22:19:16.265][Info   ] 

==== Start Unity OpenXR Diagnostic Report ====


[XR] [40152] [22:19:16.265][Info   ] ==== Report Reason: Uncaught Exception ====


[XR] [40152] [22:19:16.265][Info   ] ==== OpenXR Init Info ====
[XR] [40152] [22:19:16.265][Info   ] 
[XR] [40152] [22:19:16.265][Info   ] Stage 1 Missing Entry Points: (1)
[XR] [40152] [22:19:16.265][Info   ]   xrInitializeLoaderKHR
[XR] [40152] [22:19:16.265][Info   ] 
[XR] [40152] [22:19:16.265][Info   ] ==== OpenXR Runtime Info ====
[XR] [40152] [22:19:16.266][Info   ] 
[XR] [40152] [22:19:16.266][Info   ] Available Runtime Extensions: (39)
[XR] [40152] [22:19:16.266][Info   ]   XR_KHR_vulkan_enable: Version=9
[XR] [40152] [22:19:16.266][Info   ]   XR_KHR_vulkan_enable2: Version=3
[XR] [40152] [22:19:16.266][Info   ]   XR_KHR_D3D11_enable: Version=10
[XR] [40152] [22:19:16.266][Info   ]   XR_KHR_D3D12_enable: Version=10
[XR] [40152] [22:19:16.266][Info   ]   XR_KHR_opengl_enable: Version=11
[XR] [40152] [22:19:16.266][Info   ]   XR_KHR_win32_convert_performance_counter_time: Version=1
[XR] [40152] [22:19:16.266][Info   ]   XR_EXT_win32_appcontainer_compatible: Version=1
[XR] [40152] [22:19:16.266][Info   ]   XR_KHR_binding_modification: Version=1
[XR] [40152] [22:19:16.266][Info   ]   XR_KHR_composition_layer_depth: Version=6
[XR] [40152] [22:19:16.266][Info   ]   XR_KHR_locate_spaces: Version=1
[XR] [40152] [22:19:16.266][Info   ]   XR_KHR_visibility_mask: Version=2
[XR] [40152] [22:19:16.266][Info   ]   XR_EXT_active_action_set_priority: Version=1
[XR] [40152] [22:19:16.266][Info   ]   XR_EXT_dpad_binding: Version=1
[XR] [40152] [22:19:16.266][Info   ]   XR_EXT_eye_gaze_interaction: Version=2
[XR] [40152] [22:19:16.266][Info   ]   XR_EXT_frame_composition_report: Version=4
[XR] [40152] [22:19:16.266][Info   ]   XR_EXT_hand_interaction: Version=2
[XR] [40152] [22:19:16.266][Info   ]   XR_EXT_hand_tracking: Version=4
[XR] [40152] [22:19:16.266][Info   ]   XR_EXT_hand_tracking_data_source: Version=1
[XR] [40152] [22:19:16.266][Info   ]   XR_EXT_hand_joints_motion_range: Version=1
[XR] [40152] [22:19:16.266][Info   ]   XR_EXT_hp_mixed_reality_controller: Version=1
[XR] [40152] [22:19:16.266][Info   ]   XR_EXT_local_floor: Version=1
[XR] [40152] [22:19:16.266][Info   ]   XR_EXT_palm_pose: Version=3
[XR] [40152] [22:19:16.266][Info   ]   XR_EXT_uuid: Version=1
[XR] [40152] [22:19:16.266][Info   ]   XR_EXT_user_presence: Version=1
[XR] [40152] [22:19:16.266][Info   ]   XR_EXT_render_model: Version=1
[XR] [40152] [22:19:16.266][Info   ]   XR_EXT_interaction_render_model: Version=1
[XR] [40152] [22:19:16.266][Info   ]   XR_FB_display_refresh_rate: Version=1
[XR] [40152] [22:19:16.266][Info   ]   XR_HTC_vive_cosmos_controller_interaction: Version=1
[XR] [40152] [22:19:16.266][Info   ]   XR_HTC_vive_focus3_controller_interaction: Version=2
[XR] [40152] [22:19:16.266][Info   ]   XR_HTC_vive_wrist_tracker_interaction: Version=1
[XR] [40152] [22:19:16.266][Info   ]   XR_MND_headless: Version=3
[XR] [40152] [22:19:16.266][Info   ]   XR_VALVE_analog_threshold: Version=2
[XR] [40152] [22:19:16.266][Info   ]   XR_META_performance_metrics: Version=2
[XR] [40152] [22:19:16.266][Info   ]   XR_VALVE_timing_utils: Version=1
[XR] [40152] [22:19:16.266][Info   ]   XR_META_recommended_layer_resolution: Version=1
[XR] [40152] [22:19:16.266][Info   ]   XR_HTCX_vive_tracker_interaction: Version=3
[XR] [40152] [22:19:16.266][Info   ]   XR_KHR_generic_controller: Version=1
[XR] [40152] [22:19:16.266][Info   ]   XR_VALVE_frame_controller_interaction: Version=1
[XR] [40152] [22:19:16.266][Info   ]   XR_EXT_debug_utils: Version=5
[XR] [40152] [22:19:16.266][Info   ] 
[XR] [40152] [22:19:16.266][Info   ] Available Layers: (0)
[XR] [40152] [22:19:16.266][Info   ] 
[XR] [40152] [22:19:16.266][Info   ] Runtime Name: SteamVR/OpenXR
[XR] [40152] [22:19:16.266][Info   ] Runtime Version: 2.15.6
[XR] [40152] [22:19:16.266][Info   ] 
[XR] [40152] [22:19:16.266][Info   ] ==== OpenXR Exception Thrown ====
[XR] [40152] [22:19:16.266][Info   ] 
[XR] [40152] [22:19:16.266][Info   ] Error: XrResult failure [XR_ERROR_FORM_FACTOR_UNAVAILABLE]
[XR] [40152] [22:19:16.266][Info   ]     Origin: result
[XR] [40152] [22:19:16.266][Info   ]     Source: C:\build\output\unity\xr.sdk.openxr\NativePlugin\Source\unity_session.cpp:281
[XR] [40152] [22:19:16.266][Info   ] 
[XR] [40152] [22:19:16.266][Info   ] 
[XR] [40152] [22:19:16.266][Info   ] ==== Std Exception Thrown ====
[XR] [40152] [22:19:16.266][Info   ] 
[XR] [40152] [22:19:16.266][Info   ] Function: Display_Initialize
[XR] [40152] [22:19:16.266][Info   ] Message: XrResult failure [XR_ERROR_FORM_FACTOR_UNAVAILABLE]
[XR] [40152] [22:19:16.266][Info   ]     Origin: result
[XR] [40152] [22:19:16.266][Info   ]     Source: C:\build\output\unity\xr.sdk.openxr\NativePlugin\Source\unity_session.cpp:281
[XR] [40152] [22:19:16.266][Info   ] 
[XR] [40152] [22:19:16.266][Info   ] ==== Last 20 non-XR_SUCCESS returns ====
[XR] [40152] [22:19:16.266][Info   ] [FAILURE] xrGetSystem: XR_ERROR_FORM_FACTOR_UNAVAILABLE (1x)
[XR] [40152] [22:19:16.266][Info   ] 
[XR] [40152] [22:19:16.266][Info   ] ==== Last 20 Events ====
[XR] [40152] [22:19:16.267][Info   ] 

==== End Unity OpenXR Diagnostic Report ====


[Subsystems] Failed to initialize subsystem OpenXR Display [error: 1]
[XR] [40152] [22:19:16.268][Info   ] 

==== Start Unity OpenXR Diagnostic Report ====


[XR] [40152] [22:19:16.268][Info   ] ==== Report Reason: System Shutdown ====


[XR] [40152] [22:19:16.268][Info   ] ==== OpenXR Init Info ====
[XR] [40152] [22:19:16.268][Info   ] 
[XR] [40152] [22:19:16.268][Info   ] Stage 1 Missing Entry Points: (1)
[XR] [40152] [22:19:16.268][Info   ]   xrInitializeLoaderKHR
[XR] [40152] [22:19:16.268][Info   ] 
[XR] [40152] [22:19:16.268][Info   ] ==== OpenXR Runtime Info ====
[XR] [40152] [22:19:16.268][Info   ] 
[XR] [40152] [22:19:16.268][Info   ] Available Runtime Extensions: (39)
[XR] [40152] [22:19:16.268][Info   ]   XR_KHR_vulkan_enable: Version=9
[XR] [40152] [22:19:16.268][Info   ]   XR_KHR_vulkan_enable2: Version=3
[XR] [40152] [22:19:16.268][Info   ]   XR_KHR_D3D11_enable: Version=10
[XR] [40152] [22:19:16.268][Info   ]   XR_KHR_D3D12_enable: Version=10
[XR] [40152] [22:19:16.268][Info   ]   XR_KHR_opengl_enable: Version=11
[XR] [40152] [22:19:16.268][Info   ]   XR_KHR_win32_convert_performance_counter_time: Version=1
[XR] [40152] [22:19:16.268][Info   ]   XR_EXT_win32_appcontainer_compatible: Version=1
[XR] [40152] [22:19:16.268][Info   ]   XR_KHR_binding_modification: Version=1
[XR] [40152] [22:19:16.268][Info   ]   XR_KHR_composition_layer_depth: Version=6
[XR] [40152] [22:19:16.268][Info   ]   XR_KHR_locate_spaces: Version=1
[XR] [40152] [22:19:16.268][Info   ]   XR_KHR_visibility_mask: Version=2
[XR] [40152] [22:19:16.268][Info   ]   XR_EXT_active_action_set_priority: Version=1
[XR] [40152] [22:19:16.268][Info   ]   XR_EXT_dpad_binding: Version=1
[XR] [40152] [22:19:16.268][Info   ]   XR_EXT_eye_gaze_interaction: Version=2
[XR] [40152] [22:19:16.268][Info   ]   XR_EXT_frame_composition_report: Version=4
[XR] [40152] [22:19:16.268][Info   ]   XR_EXT_hand_interaction: Version=2
[XR] [40152] [22:19:16.268][Info   ]   XR_EXT_hand_tracking: Version=4
[XR] [40152] [22:19:16.268][Info   ]   XR_EXT_hand_tracking_data_source: Version=1
[XR] [40152] [22:19:16.268][Info   ]   XR_EXT_hand_joints_motion_range: Version=1
[XR] [40152] [22:19:16.268][Info   ]   XR_EXT_hp_mixed_reality_controller: Version=1
[XR] [40152] [22:19:16.268][Info   ]   XR_EXT_local_floor: Version=1
[XR] [40152] [22:19:16.268][Info   ]   XR_EXT_palm_pose: Version=3
[XR] [40152] [22:19:16.268][Info   ]   XR_EXT_uuid: Version=1
[XR] [40152] [22:19:16.268][Info   ]   XR_EXT_user_presence: Version=1
[XR] [40152] [22:19:16.268][Info   ]   XR_EXT_render_model: Version=1
[XR] [40152] [22:19:16.268][Info   ]   XR_EXT_interaction_render_model: Version=1
[XR] [40152] [22:19:16.268][Info   ]   XR_FB_display_refresh_rate: Version=1
[XR] [40152] [22:19:16.268][Info   ]   XR_HTC_vive_cosmos_controller_interaction: Version=1
[XR] [40152] [22:19:16.269][Info   ]   XR_HTC_vive_focus3_controller_interaction: Version=2
[XR] [40152] [22:19:16.269][Info   ]   XR_HTC_vive_wrist_tracker_interaction: Version=1
[XR] [40152] [22:19:16.269][Info   ]   XR_MND_headless: Version=3
[XR] [40152] [22:19:16.269][Info   ]   XR_VALVE_analog_threshold: Version=2
[XR] [40152] [22:19:16.269][Info   ]   XR_META_performance_metrics: Version=2
[XR] [40152] [22:19:16.269][Info   ]   XR_VALVE_timing_utils: Version=1
[XR] [40152] [22:19:16.269][Info   ]   XR_META_recommended_layer_resolution: Version=1
[XR] [40152] [22:19:16.269][Info   ]   XR_HTCX_vive_tracker_interaction: Version=3
[XR] [40152] [22:19:16.269][Info   ]   XR_KHR_generic_controller: Version=1
[XR] [40152] [22:19:16.269][Info   ]   XR_VALVE_frame_controller_interaction: Version=1
[XR] [40152] [22:19:16.269][Info   ]   XR_EXT_debug_utils: Version=5
[XR] [40152] [22:19:16.269][Info   ] 
[XR] [40152] [22:19:16.269][Info   ] Available Layers: (0)
[XR] [40152] [22:19:16.269][Info   ] 
[XR] [40152] [22:19:16.269][Info   ] Runtime Name: SteamVR/OpenXR
[XR] [40152] [22:19:16.269][Info   ] Runtime Version: 2.15.6
[XR] [40152] [22:19:16.269][Info   ] 
[XR] [40152] [22:19:16.269][Info   ] ==== OpenXR Exception Thrown ====
[XR] [40152] [22:19:16.269][Info   ] 
[XR] [40152] [22:19:16.269][Info   ] Error: XrResult failure [XR_ERROR_FORM_FACTOR_UNAVAILABLE]
[XR] [40152] [22:19:16.269][Info   ]     Origin: result
[XR] [40152] [22:19:16.269][Info   ]     Source: C:\build\output\unity\xr.sdk.openxr\NativePlugin\Source\unity_session.cpp:281
[XR] [40152] [22:19:16.269][Info   ] 
[XR] [40152] [22:19:16.269][Info   ] 
[XR] [40152] [22:19:16.269][Info   ] ==== Std Exception Thrown ====
[XR] [40152] [22:19:16.269][Info   ] 
[XR] [40152] [22:19:16.269][Info   ] Function: Display_Initialize
[XR] [40152] [22:19:16.269][Info   ] Message: XrResult failure [XR_ERROR_FORM_FACTOR_UNAVAILABLE]
[XR] [40152] [22:19:16.269][Info   ]     Origin: result
[XR] [40152] [22:19:16.269][Info   ]     Source: C:\build\output\unity\xr.sdk.openxr\NativePlugin\Source\unity_session.cpp:281
[XR] [40152] [22:19:16.269][Info   ] 
[XR] [40152] [22:19:16.269][Info   ] ==== Last 20 non-XR_SUCCESS returns ====
[XR] [40152] [22:19:16.269][Info   ] [FAILURE] xrGetSystem: XR_ERROR_FORM_FACTOR_UNAVAILABLE (1x)
[XR] [40152] [22:19:16.269][Info   ] 
[XR] [40152] [22:19:16.269][Info   ] ==== Last 20 Events ====
[XR] [40152] [22:19:16.269][Info   ] 

==== End Unity OpenXR Diagnostic Report ====


[XR] XR_META_performance_metrics: Attempted to stop before session ready
Loaded scene 'Temp/__Backupscenes/0.backup'
	Deserialize:            15.153 ms
	Integration:            5803.186 ms
	Integration of assets:  0.021 ms
	Thread Wait Time:       -0.001 ms
	Total Operation Time:   5818.358 ms
[Licensing::Client] Successfully resolved entitlement details
<RI> Initialized touch support.
Asset Pipeline Refresh (id=8a75e63f45e95e94eb09ff0771bd75ec): Total: 0.007 seconds - Initiated by RefreshV2(NoUpdateAssetOptions)
Asset Pipeline Refresh (id=ad855698e035ba647b7373996af042a6): Total: 0.005 seconds - Initiated by RefreshV2(NoUpdateAssetOptions)
Asset Pipeline Refresh (id=20882288cec24264bb2c17339c572b53): Total: 0.008 seconds - Initiated by RefreshV2(NoUpdateAssetOptions)
Asset Pipeline Refresh (id=81cbf815266a04147b78eb507605a70d): Total: 0.007 seconds - Initiated by RefreshV2(NoUpdateAssetOptions)
Asset Pipeline Refresh (id=ce0c2cd2a3b899e478a813c681414609): Total: 0.007 seconds - Initiated by RefreshV2(NoUpdateAssetOptions)
[PhysX] Initialized MultithreadedTaskDispatcher with 20 workers.
Unloading 1 Unused Serialized files (Serialized files now loaded: 0)
Loaded scene 'Temp/__Backupscenes/0.backup'
	Deserialize:            11.112 ms
	Integration:            191.967 ms
	Integration of assets:  0.018 ms
	Thread Wait Time:       0.024 ms
	Total Operation Time:   203.121 ms
Unloading 187 unused Assets / (0.8 MB). Loaded Objects now: 9961.
Memory consumption went from 223.4 MB to 222.6 MB.
Total: 12.301000 ms (FindLiveObjects: 0.555900 ms CreateObjectMapping: 0.286700 ms MarkObjects: 10.848500 ms  DeleteObjects: 0.608800 ms)

[Licensing::Client] Successfully resolved entitlement details
[PhysX] Initialized MultithreadedTaskDispatcher with 20 workers.
<RI> Initialized touch support.
<RI> Initialized touch support.
<RI> Initialized touch support.
<RI> Initialized touch support.
<RI> Initialized touch support.
[PhysX] Initialized MultithreadedTaskDispatcher with 20 workers.
Curl error 35: Cert verify failed. Certificate could not be verified (either omitted or unsupported). UnityTls error code: 7
Curl error 35: Cert verify failed. Certificate could not be verified (either omitted or unsupported). UnityTls error code: 7
Starting new worker id: 0 with log in E:/AI/project/SimulatedShooting/Logs/AssetImportWorker0.log
Starting new worker id: 1 with log in E:/AI/project/SimulatedShooting/Logs/AssetImportWorker1.log
[PhysX] Initialized MultithreadedTaskDispatcher with 20 workers.
Worker ready: AssetImportWorker1 1
Worker ready: AssetImportWorker0 0
[PhysX] Initialized MultithreadedTaskDispatcher with 20 workers.
[PhysX] Initialized MultithreadedTaskDispatcher with 20 workers.
[PhysX] Initialized MultithreadedTaskDispatcher with 20 workers.
Starting new worker id: 2 with log in E:/AI/project/SimulatedShooting/Logs/AssetImportWorker2.log
[Worker1] Start importing Assets/Scenes/SampleScene/Lightmap-0_comp_shadowmask.png using Guid(5b272b86282919a4488341408a338239) Importer(815301076,1909f56bfc062723c751e8b465ee728b) 
[Worker1] [PhysX] Initialized MultithreadedTaskDispatcher with 20 workers.
[Worker1] [PhysX] Initialized MultithreadedTaskDispatcher with 20 workers.
[Worker1]  -> (artifact id: '380f7f86abe41749fb7929f43e6f6249') in 0.069245 seconds
[Worker0] Start importing Assets/Scenes/SampleScene/LightingData.asset using Guid(babed66f44e8b5445b185fac4e02e130) Importer(815301076,1909f56bfc062723c751e8b465ee728b) 
[Worker0] [PhysX] Initialized MultithreadedTaskDispatcher with 20 workers.
[Worker1] Start importing Assets/Scenes/SampleScene/ReflectionProbe-1.exr using Guid(fe92f018ab9184b43b46c80b2a02e522) Importer(815301076,1909f56bfc062723c751e8b465ee728b) 
[Worker1] [PhysX] Initialized MultithreadedTaskDispatcher with 20 workers.
[Worker1] [PhysX] Initialized MultithreadedTaskDispatcher with 20 workers.
[Worker1] [PhysX] Initialized MultithreadedTaskDispatcher with 20 workers.
[Worker0]  -> (artifact id: 'f580fbfc18c38bc19b268751b98e0e88') in 0.021432 seconds
[Worker0] Start importing Assets/Scenes/SampleScene/Lightmap-0_comp_dir.png using Guid(1b208c9c64896bb41804f87a20a84fad) Importer(815301076,1909f56bfc062723c751e8b465ee728b) 
[Worker0] [PhysX] Initialized MultithreadedTaskDispatcher with 20 workers.
[Worker0] [PhysX] Initialized MultithreadedTaskDispatcher with 20 workers.
[Worker0]  -> (artifact id: '24217e12d56e492f189707d163a9f3f7') in 0.068601 seconds
[Worker0] Start importing Assets/Scenes/SampleScene/ReflectionProbe-0.exr using Guid(bfb8f0735ac8c9b43a2f0251aea88e11) Importer(815301076,1909f56bfc062723c751e8b465ee728b) 
[Worker0] [PhysX] Initialized MultithreadedTaskDispatcher with 20 workers.
[Worker0] [PhysX] Initialized MultithreadedTaskDispatcher with 20 workers.
[Worker0] [PhysX] Initialized MultithreadedTaskDispatcher with 20 workers.
[Worker1]  -> (artifact id: 'd7583570e0c81d9dd5067f8dc4fe442e') in 0.248012 seconds
[Worker0]  -> (artifact id: 'c8f3c2a0918d98bcc0acc1def802e175') in 0.217451 seconds
Worker ready: AssetImportWorker2 2
[PhysX] Initialized MultithreadedTaskDispatcher with 20 workers.
[Worker0] Start importing Assets/Scenes/BasicScene/Grid_Light_512x512.png using Guid(8685512c7856ffd40a4ad1859a7cb52c) Importer(815301076,1909f56bfc062723c751e8b465ee728b) 
[Worker0] [PhysX] Initialized MultithreadedTaskDispatcher with 20 workers.
[Worker0] [PhysX] Initialized MultithreadedTaskDispatcher with 20 workers.
[Worker0]  -> (artifact id: 'f0df3551e1d284c25fc224e36e6c17c3') in 0.015911 seconds
[PhysX] Initialized MultithreadedTaskDispatcher with 20 workers.
[PhysX] Initialized MultithreadedTaskDispatcher with 20 workers.
[PhysX] Initialized MultithreadedTaskDispatcher with 20 workers.
[PhysX] Initialized MultithreadedTaskDispatcher with 20 workers.
[PhysX] Initialized MultithreadedTaskDispatcher with 20 workers.
[PhysX] Initialized MultithreadedTaskDispatcher with 20 workers.
[PhysX] Initialized MultithreadedTaskDispatcher with 20 workers.
[PhysX] Initialized MultithreadedTaskDispatcher with 20 workers.
[PhysX] Initialized MultithreadedTaskDispatcher with 20 workers.
[PhysX] Initialized MultithreadedTaskDispatcher with 20 workers.
Curl error 35: Cert verify failed. Certificate could not be verified (either omitted or unsupported). UnityTls error code: 7
Curl error 35: Cert verify failed. Certificate could not be verified (either omitted or unsupported). UnityTls error code: 7
Asset Pipeline Refresh (id=82cf1043c52f81c40a54177fca95baba): Total: 0.008 seconds - Initiated by RefreshV2(AllowForceSynchronousImport)
TcpMessagingSession - receive error
Curl error 35: Cert verify failed. Certificate could not be verified (either omitted or unsupported). UnityTls error code: 7
Curl error 35: Cert verify failed. Certificate could not be verified (either omitted or unsupported). UnityTls error code: 7
Curl error 35: Cert verify failed. Certificate could not be verified (either omitted or unsupported). UnityTls error code: 7
Curl error 35: Cert verify failed. Certificate could not be verified (either omitted or unsupported). UnityTls error code: 7
Asset Pipeline Refresh (id=5320fdb6168f5fc44b98a392b30935f9): Total: 0.008 seconds - Initiated by RefreshV2(AllowForceSynchronousImport)
Curl error 35: Cert verify failed. Certificate could not be verified (either omitted or unsupported). UnityTls error code: 7
Curl error 35: Cert verify failed. Certificate could not be verified (either omitted or unsupported). UnityTls error code: 7
Curl error 35: Cert verify failed. Certificate could not be verified (either omitted or unsupported). UnityTls error code: 7
Curl error 35: Cert verify failed. Certificate could not be verified (either omitted or unsupported). UnityTls error code: 7
Curl error 35: Cert verify failed. Certificate could not be verified (either omitted or unsupported). UnityTls error code: 7
Curl error 35: Cert verify failed. Certificate could not be verified (either omitted or unsupported). UnityTls error code: 7
Asset Pipeline Refresh (id=a8bbb0ec6016cee42839b17e95aa0e0f): Total: 0.007 seconds - Initiated by RefreshV2(AllowForceSynchronousImport)
Curl error 35: Cert verify failed. Certificate could not be verified (either omitted or unsupported). UnityTls error code: 7
Curl error 35: Cert verify failed. Certificate could not be verified (either omitted or unsupported). UnityTls error code: 7
Curl error 35: Cert verify failed. Certificate could not be verified (either omitted or unsupported). UnityTls error code: 7
Curl error 35: Cert verify failed. Certificate could not be verified (either omitted or unsupported). UnityTls error code: 7
Curl error 35: Cert verify failed. Certificate could not be verified (either omitted or unsupported). UnityTls error code: 7
Curl error 35: Cert verify failed. Certificate could not be verified (either omitted or unsupported). UnityTls error code: 7
Curl error 35: Cert verify failed. Certificate could not be verified (either omitted or unsupported). UnityTls error code: 7
Curl error 35: Cert verify failed. Certificate could not be verified (either omitted or unsupported). UnityTls error code: 7
Curl error 35: Cert verify failed. Certificate could not be verified (either omitted or unsupported). UnityTls error code: 7
Curl error 35: Cert verify failed. Certificate could not be verified (either omitted or unsupported). UnityTls error code: 7
Asset Pipeline Refresh (id=284e34af78bdb4840a4cd6144685b864): Total: 0.008 seconds - Initiated by RefreshV2(AllowForceSynchronousImport)
Curl error 35: Cert verify failed. Certificate could not be verified (either omitted or unsupported). UnityTls error code: 7
Curl error 35: Cert verify failed. Certificate could not be verified (either omitted or unsupported). UnityTls error code: 7
Curl error 35: Cert verify failed. Certificate could not be verified (either omitted or unsupported). UnityTls error code: 7
Curl error 35: Cert verify failed. Certificate could not be verified (either omitted or unsupported). UnityTls error code: 7
Curl error 35: Cert verify failed. Certificate could not be verified (either omitted or unsupported). UnityTls error code: 7
Curl error 35: Cert verify failed. Certificate could not be verified (either omitted or unsupported). UnityTls error code: 7
Curl error 35: Cert verify failed. Certificate could not be verified (either omitted or unsupported). UnityTls error code: 7
Curl error 35: Cert verify failed. Certificate could not be verified (either omitted or unsupported). UnityTls error code: 7
Curl error 35: Cert verify failed. Certificate could not be verified (either omitted or unsupported). UnityTls error code: 7
Curl error 35: Cert verify failed. Certificate could not be verified (either omitted or unsupported). UnityTls error code: 7
Curl error 35: Cert verify failed. Certificate could not be verified (either omitted or unsupported). UnityTls error code: 7
Curl error 35: Cert verify failed. Certificate could not be verified (either omitted or unsupported). UnityTls error code: 7
Curl error 35: Cert verify failed. Certificate could not be verified (either omitted or unsupported). UnityTls error code: 7
Curl error 35: Cert verify failed. Certificate could not be verified (either omitted or unsupported). UnityTls error code: 7
Curl error 35: Cert verify failed. Certificate could not be verified (either omitted or unsupported). UnityTls error code: 7
Curl error 35: Cert verify failed. Certificate could not be verified (either omitted or unsupported). UnityTls error code: 7
Curl error 35: Cert verify failed. Certificate could not be verified (either omitted or unsupported). UnityTls error code: 7
Curl error 35: Cert verify failed. Certificate could not be verified (either omitted or unsupported). UnityTls error code: 7
[ScriptCompilation] Requested script compilation because: Assetdatabase observed changes in script compilation related files
AssetDatabase: script compilation time: 0.001736s
[Licensing::Client] Successfully resolved entitlement details
Starting: E:\2022.3.62f3c1\Editor\Data\bee_backend.exe --ipc --defer-dag-verification --dagfile="Library/Bee/1900b0aE.dag" --continue-on-failure --profile="Library/Bee/backend1.traceevents" ScriptAssemblies
WorkingDir: E:/AI/project/SimulatedShooting
ExitCode: 0 Duration: 2s80ms
[ 779/1023  0s] ILPP-Configuration Library/ilpp-configuration.nevergeneratedoutput
[1011/1023  1s] Csc Library/Bee/artifacts/1900b0aE.dag/SimulatedShooting.Editor.dll (+2 others)
[1012/1023  1s] Csc Library/Bee/artifacts/1900b0aE.dag/SimulatedShooting.PlayModeTests.dll (+2 others)
[1013/1023  0s] ILPostProcess Library/Bee/artifacts/1900b0aE.dag/post-processed/SimulatedShooting.PlayModeTests.dll (+pdb)
Processing assembly Library/Bee/artifacts/1900b0aE.dag/SimulatedShooting.PlayModeTests.dll, with 124 defines and 211 references

processors: zzzUnity.Burst.CodeGen.BurstILPostProcessor

running zzzUnity.Burst.CodeGen.BurstILPostProcessor
[1014/1023  0s] CopyFiles Library/ScriptAssemblies/SimulatedShooting.PlayModeTests.dll
[1015/1023  0s] CopyFiles Library/ScriptAssemblies/SimulatedShooting.PlayModeTests.pdb
[1016/1023  0s] ILPostProcess Library/Bee/artifacts/1900b0aE.dag/post-processed/SimulatedShooting.Editor.dll (+pdb)
Processing assembly Library/Bee/artifacts/1900b0aE.dag/SimulatedShooting.Editor.dll, with 122 defines and 229 references

processors: zzzUnity.Burst.CodeGen.BurstILPostProcessor

running zzzUnity.Burst.CodeGen.BurstILPostProcessor
[1017/1023  0s] CopyFiles Library/ScriptAssemblies/SimulatedShooting.Editor.pdb
[1018/1023  0s] CopyFiles Library/ScriptAssemblies/SimulatedShooting.Editor.dll
[1019/1023  0s] Csc Library/Bee/artifacts/1900b0aE.dag/Assembly-CSharp.dll (+2 others)
[1020/1023  0s] ILPostProcess Library/Bee/artifacts/1900b0aE.dag/post-processed/Assembly-CSharp.dll (+pdb)
Processing assembly Library/Bee/artifacts/1900b0aE.dag/Assembly-CSharp.dll, with 124 defines and 280 references

processors: zzzUnity.Burst.CodeGen.BurstILPostProcessor

running zzzUnity.Burst.CodeGen.BurstILPostProcessor
[1021/1023  0s] CopyFiles Library/ScriptAssemblies/Assembly-CSharp.pdb
[1022/1023  0s] CopyFiles Library/ScriptAssemblies/Assembly-CSharp.dll
*** Tundra build success (2.03 seconds), 13 items updated, 1023 evaluated
Reloading assemblies after forced synchronous recompile.
Begin MonoManager ReloadAssembly
- Loaded All Assemblies, in  1.114 seconds
Start importing Assets/SimulatedShooting/Tests/PlayMode/ZeroingRangeSceneTests.cs using Guid(402f49db40bd8dd4aa0f59ba5e27120f) Importer(-1,00000000000000000000000000000000) [PhysX] Initialized MultithreadedTaskDispatcher with 20 workers.
 -> (artifact id: 'b43dca3a0b824f071351b9e515b203c6') in 0.015963 seconds
Start importing Assets/SimulatedShooting/Editor/ZeroingRangeSceneBuilder.cs using Guid(4fca972209cfb6247b4bb8f6fba670ec) Importer(-1,00000000000000000000000000000000) [PhysX] Initialized MultithreadedTaskDispatcher with 20 workers.
 -> (artifact id: '63db8b394be066e2039809b3583e4402') in 0.001873 seconds
Refreshing native plugins compatible for Editor in 13.66 ms, found 13 plugins.
Native extension for WindowsStandalone target not found
[MODES] ModeService[none].Initialize
[MODES] ModeService[none].LoadModes
[MODES] Loading mode Default (0) for mode-current-id-VR
[PhysX] Initialized MultithreadedTaskDispatcher with 20 workers.
Mono: successfully reloaded assembly
- Finished resetting the current domain, in  1.720 seconds
Domain Reload Profiling: 2842ms
	BeginReloadAssembly (918ms)
		ExecutionOrderSort (1ms)
		DisableScriptedObjects (38ms)
		BackupInstance (0ms)
		ReleaseScriptingObjects (1ms)
		CreateAndSetChildDomain (552ms)
	RebuildCommonClasses (28ms)
	RebuildNativeTypeToScriptingClass (8ms)
	initialDomainReloadingComplete (22ms)
	LoadAllAssembliesAndSetupDomain (145ms)
		LoadAssemblies (157ms)
		RebuildTransferFunctionScriptingTraits (0ms)
		AnalyzeDomain (64ms)
			TypeCache.Refresh (15ms)
				TypeCache.ScanAssembly (1ms)
			ScanForSourceGeneratedMonoScriptInfo (33ms)
			ResolveRequiredComponents (12ms)
	FinalizeReload (1720ms)
		ReleaseScriptCaches (0ms)
		RebuildScriptCaches (0ms)
		SetupLoadedEditorAssemblies (925ms)
			LogAssemblyErrors (0ms)
			InitializePlatformSupportModulesInManaged (3ms)
			SetLoadedEditorAssemblies (4ms)
			RefreshPlugins (0ms)
			BeforeProcessingInitializeOnLoad (184ms)
			ProcessInitializeOnLoadAttributes (634ms)
			ProcessInitializeOnLoadMethodAttributes (98ms)
			AfterProcessingInitializeOnLoad (1ms)
			EditorAssembliesLoaded (0ms)
		ExecutionOrderSort2 (0ms)
		AwakeInstancesAfterBackupRestoration (373ms)
Refreshing native plugins compatible for Editor in 14.01 ms, found 13 plugins.
Preloading 1 native plugins for Editor in 0.08 ms.
Asset Pipeline Refresh (id=037008752e3cbeb4c9f385dbbdbe1b73): Total: 6.098 seconds - Initiated by RefreshV2(AllowForceSynchronousImport)
	Summary:
		Imports: total=0 (actual=0, local cache=0, cache server=0)
		Asset DB Process Time: managed=3 ms, native=499 ms
		Asset DB Callback time: managed=123 ms, native=20 ms
		Scripting: domain reloads=1, domain reload time=2902 ms, compile time=2549 ms, other=0 ms
		Project Asset Count: scripts=8403, non-scripts=2276
		Asset File Changes: new=0, changed=2, moved=0, deleted=0
		Scan Filter Count: 0
	InvokeBeforeRefreshCallbacks: 0.561ms
	ApplyChangesToAssetFolders: 0.435ms
	Scan: 4.037ms
	OnSourceAssetsModified: 3.519ms
	GetAllGuidsForCategorization: 1.450ms
	CategorizeAssets: 226.800ms
	ImportOutOfDateAssets: 1820.547ms (-772.266ms without children)
		ImportManagerImport: 26.875ms (8.213ms without children)
			ImportInProcess: 18.662ms
		CompileScripts: 2548.533ms
		CollectScriptTypesHashes: 2.423ms
		ReloadNativeAssets: 0.678ms
		UnloadImportedAssets: 3.687ms
		ReloadImportedAssets: 0.646ms
		EnsureUptoDateAssetsAreRegisteredWithGuidPM: 3.575ms
		InitializingProgressBar: 0.064ms
		PostProcessAllAssetNotificationsAddChangedAssets: 0.001ms
		OnDemandSchedulerStart: 6.330ms
	PostProcessAllAssets: 122.081ms
	Hotreload: 17.693ms
	GatherAllCurrentPrimaryArtifactRevisions: 1.489ms
	UnloadStreamsBegin: 3.512ms
	PersistCurrentRevisions: 0.460ms
	UnloadStreamsEnd: 0.074ms
	GenerateScriptTypeHashes: 4.643ms
	Untracked: 3895.260ms
[Licensing::Client] Successfully resolved entitlement details
[PhysX] Initialized MultithreadedTaskDispatcher with 20 workers.
[PhysX] Initialized MultithreadedTaskDispatcher with 20 workers.
Unloading 4 Unused Serialized files (Serialized files now loaded: 0)
Unloading 987 unused Assets / (2.2 MB). Loaded Objects now: 8813.
Memory consumption went from 341.6 MB to 339.4 MB.
Total: 13.520600 ms (FindLiveObjects: 0.532300 ms CreateObjectMapping: 0.277900 ms MarkObjects: 9.766400 ms  DeleteObjects: 2.935400 ms)

Start importing Assets/SimulatedShooting/Art/Materials/RangeEarth.mat using Guid(a207bf3f213e8a24081ca97f5b309775) Importer(-1,00000000000000000000000000000000) [PhysX] Initialized MultithreadedTaskDispatcher with 20 workers.
 -> (artifact id: '5b7fbd3b0f21db236c8d0c6d797406f5') in 0.002800 seconds
Refreshing native plugins compatible for Editor in 13.73 ms, found 13 plugins.
Preloading 1 native plugins for Editor in 0.06 ms.
Asset Pipeline Refresh (id=d4b4d105b0141b242ab88097dee850db): Total: 0.091 seconds - Initiated by StopAssetImportingV2(NoUpdateAssetOptions)
Start importing Assets/SimulatedShooting/Art/Materials/RangeFoliage.mat using Guid(8bfd9d382ce7ea244bc8a65df7db7102) Importer(-1,00000000000000000000000000000000) [PhysX] Initialized MultithreadedTaskDispatcher with 20 workers.
 -> (artifact id: '9dcf72ff390e8bd5566e42b3fc7b6842') in 0.002023 seconds
Refreshing native plugins compatible for Editor in 11.15 ms, found 13 plugins.
Preloading 1 native plugins for Editor in 0.06 ms.
Asset Pipeline Refresh (id=8aace164f7a8602489c6a9698886eff1): Total: 0.058 seconds - Initiated by StopAssetImportingV2(NoUpdateAssetOptions)
Start importing Assets/SimulatedShooting/Art/Materials/RangeLine.mat using Guid(176f3662c624a3f4282f53a732f2a0c8) Importer(-1,00000000000000000000000000000000) [PhysX] Initialized MultithreadedTaskDispatcher with 20 workers.
 -> (artifact id: '281b87ca4258832923b20db9cfbbd592') in 0.001989 seconds
Refreshing native plugins compatible for Editor in 12.92 ms, found 13 plugins.
Preloading 1 native plugins for Editor in 0.07 ms.
Asset Pipeline Refresh (id=50c94637b3ce9b34bb845a3b3f940ece): Total: 0.060 seconds - Initiated by StopAssetImportingV2(NoUpdateAssetOptions)
Start importing Assets/SimulatedShooting/Art/Materials/RangeDarkMetal.mat using Guid(a1b89bc92edf39746b6b48d0f3187d75) Importer(-1,00000000000000000000000000000000) [PhysX] Initialized MultithreadedTaskDispatcher with 20 workers.
 -> (artifact id: '64e0b2725dc7c6fa614b7b24ebf746d9') in 0.002084 seconds
Refreshing native plugins compatible for Editor in 13.15 ms, found 13 plugins.
Preloading 1 native plugins for Editor in 0.06 ms.
Asset Pipeline Refresh (id=cd5e92fea1ef1944b90748f35e07a152): Total: 0.055 seconds - Initiated by StopAssetImportingV2(NoUpdateAssetOptions)
Start importing Assets/SimulatedShooting/Art/Materials/RangeSandbag.mat using Guid(a6767ef5dfce3d4478fdc344b54d4f8e) Importer(-1,00000000000000000000000000000000) [PhysX] Initialized MultithreadedTaskDispatcher with 20 workers.
 -> (artifact id: '8a17d4d31b3d03747a1557aa6696819f') in 0.002343 seconds
Refreshing native plugins compatible for Editor in 13.19 ms, found 13 plugins.
Preloading 1 native plugins for Editor in 0.07 ms.
Asset Pipeline Refresh (id=2eeb7be2bc07623488684ca21783c6e2): Total: 0.054 seconds - Initiated by StopAssetImportingV2(NoUpdateAssetOptions)
Start importing Assets/SimulatedShooting/Art/Materials/TargetBoard.mat using Guid(aab020b83d448a14192266aef5d5d79d) Importer(-1,00000000000000000000000000000000) [PhysX] Initialized MultithreadedTaskDispatcher with 20 workers.
 -> (artifact id: 'e327741948e86fc4abac8ba46ff413ed') in 0.002352 seconds
Refreshing native plugins compatible for Editor in 13.29 ms, found 13 plugins.
Preloading 1 native plugins for Editor in 0.06 ms.
Asset Pipeline Refresh (id=98e627fb5d99c6943bff5f6ac7664433): Total: 0.058 seconds - Initiated by StopAssetImportingV2(NoUpdateAssetOptions)
Start importing Assets/SimulatedShooting/Art/Materials/RangeSkybox.mat using Guid(45be7d2eeed379c43b76a3e25177c37b) Importer(-1,00000000000000000000000000000000) [PhysX] Initialized MultithreadedTaskDispatcher with 20 workers.
 -> (artifact id: 'fedfecacdbbda32d41528ac44a27175b') in 0.002036 seconds
Refreshing native plugins compatible for Editor in 10.40 ms, found 13 plugins.
Preloading 1 native plugins for Editor in 0.10 ms.
Asset Pipeline Refresh (id=2a0ac9ee5e4daba4283844ea9e9a90b5): Total: 0.055 seconds - Initiated by StopAssetImportingV2(NoUpdateAssetOptions)
Start importing Assets/SimulatedShooting/Art/Materials/TargetDark.mat using Guid(41fbb3c10430ef24387cd2a5bb2a0a93) Importer(-1,00000000000000000000000000000000) [PhysX] Initialized MultithreadedTaskDispatcher with 20 workers.
 -> (artifact id: '07c22dfb739b68ece5d6e8af544e1652') in 0.002133 seconds
Start importing Assets/SimulatedShooting/Art/Materials/RangeDarkMetal.mat using Guid(a1b89bc92edf39746b6b48d0f3187d75) Importer(-1,00000000000000000000000000000000) [PhysX] Initialized MultithreadedTaskDispatcher with 20 workers.
 -> (artifact id: '4111faea7d322e32aaef2d20e4b3d630') in 0.001971 seconds
Start importing Assets/SimulatedShooting/Art/Materials/RangeEarth.mat using Guid(a207bf3f213e8a24081ca97f5b309775) Importer(-1,00000000000000000000000000000000) [PhysX] Initialized MultithreadedTaskDispatcher with 20 workers.
 -> (artifact id: '910ea9d79ac64f7d7626c44e0450de53') in 0.001936 seconds
Start importing Assets/SimulatedShooting/Art/Materials/TargetTenRing.mat using Guid(d4e670674761acc4fbb7404fc5c9faca) Importer(-1,00000000000000000000000000000000) [PhysX] Initialized MultithreadedTaskDispatcher with 20 workers.
 -> (artifact id: 'fd17239951cbc461ea30bee58001b019') in 0.002117 seconds
Start importing Assets/SimulatedShooting/Art/Materials/RangeSkybox.mat using Guid(45be7d2eeed379c43b76a3e25177c37b) Importer(-1,00000000000000000000000000000000) [PhysX] Initialized MultithreadedTaskDispatcher with 20 workers.
 -> (artifact id: 'd1dc7aed074923c304103dbc6bfe3fae') in 0.002180 seconds
Start importing Assets/SimulatedShooting/Art/Materials/RangeSandbag.mat using Guid(a6767ef5dfce3d4478fdc344b54d4f8e) Importer(-1,00000000000000000000000000000000) [PhysX] Initialized MultithreadedTaskDispatcher with 20 workers.
 -> (artifact id: 'cc366eeca4dfc4f56bce462661ff5601') in 0.002155 seconds
Start importing Assets/SimulatedShooting/Art/Materials/RangeConcrete.mat using Guid(d6cf7b407c8d8284a82291fbe708e5b0) Importer(-1,00000000000000000000000000000000) [PhysX] Initialized MultithreadedTaskDispatcher with 20 workers.
 -> (artifact id: '5351365ab99562b4ba0dabfef24c4f5e') in 0.002568 seconds
Start importing Assets/SimulatedShooting/Art/Materials/RangeLine.mat using Guid(176f3662c624a3f4282f53a732f2a0c8) Importer(-1,00000000000000000000000000000000) [PhysX] Initialized MultithreadedTaskDispatcher with 20 workers.
 -> (artifact id: 'e2263239ce831b8865f25a41ed86392e') in 0.001983 seconds
Start importing Assets/SimulatedShooting/Art/Materials/RangeMarker.mat using Guid(57fad3f230a016f45ad9ff2641cbe189) Importer(-1,00000000000000000000000000000000) [PhysX] Initialized MultithreadedTaskDispatcher with 20 workers.
 -> (artifact id: '7115770d7f83beaa37e53d6c39a915e6') in 0.001751 seconds
Start importing Assets/SimulatedShooting/Art/Materials/RangeGround.mat using Guid(79102a5c96c5efb4d9616abaf335f53d) Importer(-1,00000000000000000000000000000000) [PhysX] Initialized MultithreadedTaskDispatcher with 20 workers.
 -> (artifact id: '1832a088e08b82bb89ec661f7d1bca81') in 0.002317 seconds
Start importing Assets/SimulatedShooting/Art/Materials/TargetBoard.mat using Guid(aab020b83d448a14192266aef5d5d79d) Importer(-1,00000000000000000000000000000000) [PhysX] Initialized MultithreadedTaskDispatcher with 20 workers.
 -> (artifact id: '60085c7be0821e0cb337377d536a2a71') in 0.001960 seconds
Start importing Assets/SimulatedShooting/Art/Materials/RangeFoliage.mat using Guid(8bfd9d382ce7ea244bc8a65df7db7102) Importer(-1,00000000000000000000000000000000) [PhysX] Initialized MultithreadedTaskDispatcher with 20 workers.
 -> (artifact id: 'c7dddfbac5a1b66fd072efdc9eb2e459') in 0.001960 seconds
Start importing Assets/XR/Settings/Open XR Package Settings.asset using Guid(a9a6963505ddf7f4d886008c6dc86122) Importer(-1,00000000000000000000000000000000) [PhysX] Initialized MultithreadedTaskDispatcher with 20 workers.
 -> (artifact id: '7cebbdd8b230a48a70b3afa7f6df7f90') in 0.002851 seconds
Refreshing native plugins compatible for Editor in 10.71 ms, found 13 plugins.
Preloading 1 native plugins for Editor in 0.06 ms.
Asset Pipeline Refresh (id=c3d68b2af535f6d409f7cbff5b8bdd25): Total: 0.101 seconds - Initiated by StopAssetImportingV2(NoUpdateAssetOptions)
Start importing Assets/Scenes/ZeroingRangeScene.unity using Guid(693fcff55b1a9e14ca485ca7b1e9ca68) Importer(-1,00000000000000000000000000000000) [PhysX] Initialized MultithreadedTaskDispatcher with 20 workers.
 -> (artifact id: '2bc0ecfaf8145f9a5fca5083e4ad122a') in 0.001034 seconds
Refreshing native plugins compatible for Editor in 11.95 ms, found 13 plugins.
Preloading 1 native plugins for Editor in 0.10 ms.
Asset Pipeline Refresh (id=2375f6fb39d355c4d8a1686b1bfae1fa): Total: 0.049 seconds - Initiated by StopAssetImportingV2(NoUpdateAssetOptions)
LightingSettings: switching bake backend from 1 to 2.
Task004 reference scene rebuilt and preview captured.
UnityEngine.StackTraceUtility:ExtractStackTrace ()
UnityEngine.DebugLogHandler:LogFormat (UnityEngine.LogType,UnityEngine.Object,string,object[])
UnityEngine.Logger:Log (UnityEngine.LogType,object)
UnityEngine.Debug:Log (object)
SimulatedShooting.Editor.ZeroingRangeSceneBuilder/<>c:<RebuildTask004Once>b__2_0 () (at Assets/SimulatedShooting/Editor/ZeroingRangeSceneBuilder.cs:39)
UnityEditor.EditorApplication:Internal_CallDelayFunctions ()

(Filename: Assets/SimulatedShooting/Editor/ZeroingRangeSceneBuilder.cs Line: 39)

Reloading assemblies due to reload request.
Reloading assemblies after forced synchronous recompile.
Begin MonoManager ReloadAssembly
- Loaded All Assemblies, in  0.809 seconds
Refreshing native plugins compatible for Editor in 12.55 ms, found 13 plugins.
Native extension for WindowsStandalone target not found
[MODES] ModeService[none].Initialize
[MODES] ModeService[none].LoadModes
[MODES] Loading mode Default (0) for mode-current-id-VR
[PhysX] Initialized MultithreadedTaskDispatcher with 20 workers.
Mono: successfully reloaded assembly
- Finished resetting the current domain, in  1.542 seconds
Domain Reload Profiling: 2358ms
	BeginReloadAssembly (666ms)
		ExecutionOrderSort (0ms)
		DisableScriptedObjects (36ms)
		BackupInstance (0ms)
		ReleaseScriptingObjects (1ms)
		CreateAndSetChildDomain (461ms)
	RebuildCommonClasses (25ms)
	RebuildNativeTypeToScriptingClass (9ms)
	initialDomainReloadingComplete (23ms)
	LoadAllAssembliesAndSetupDomain (93ms)
		LoadAssemblies (142ms)
		RebuildTransferFunctionScriptingTraits (0ms)
		AnalyzeDomain (23ms)
			TypeCache.Refresh (8ms)
				TypeCache.ScanAssembly (0ms)
			ScanForSourceGeneratedMonoScriptInfo (0ms)
			ResolveRequiredComponents (13ms)
	FinalizeReload (1542ms)
		ReleaseScriptCaches (0ms)
		RebuildScriptCaches (0ms)
		SetupLoadedEditorAssemblies (775ms)
			LogAssemblyErrors (0ms)
			InitializePlatformSupportModulesInManaged (4ms)
			SetLoadedEditorAssemblies (4ms)
			RefreshPlugins (0ms)
			BeforeProcessingInitializeOnLoad (158ms)
			ProcessInitializeOnLoadAttributes (521ms)
			ProcessInitializeOnLoadMethodAttributes (86ms)
			AfterProcessingInitializeOnLoad (1ms)
			EditorAssembliesLoaded (0ms)
		ExecutionOrderSort2 (0ms)
		AwakeInstancesAfterBackupRestoration (389ms)
Asset Pipeline Refresh (id=f12391725d07f434e9362cbdf7875143): Total: 2.805 seconds - Initiated by StopAssetImportingV2(ForceSynchronousImport | ForceDomainReload)
	Summary:
		Imports: total=0 (actual=0, local cache=0, cache server=0)
		Asset DB Process Time: managed=0 ms, native=398 ms
		Asset DB Callback time: managed=12 ms, native=0 ms
		Scripting: domain reloads=1, domain reload time=2391 ms, compile time=2 ms, other=0 ms
		Project Asset Count: scripts=8403, non-scripts=2283
		Asset File Changes: new=0, changed=0, moved=0, deleted=0
		Scan Filter Count: 0
	InvokeBeforeRefreshCallbacks: 0.652ms
	ApplyChangesToAssetFolders: 0.084ms
	Scan: 0.001ms
	OnSourceAssetsModified: 0.001ms
	GetAllGuidsForCategorization: 0.601ms
	CategorizeAssets: 185.088ms
	ImportOutOfDateAssets: 1578.334ms (1568.620ms without children)
		CompileScripts: 1.720ms
		CollectScriptTypesHashes: 0.365ms
		ReloadNativeAssets: 0.823ms
		UnloadImportedAssets: 0.704ms
		EnsureUptoDateAssetsAreRegisteredWithGuidPM: 2.924ms
		InitializingProgressBar: 0.001ms
		PostProcessAllAssetNotificationsAddChangedAssets: 0.000ms
		OnDemandSchedulerStart: 3.179ms
	PostProcessAllAssets: 12.942ms
	GatherAllCurrentPrimaryArtifactRevisions: 0.373ms
	UnloadStreamsBegin: 2.106ms
	PersistCurrentRevisions: 0.412ms
	UnloadStreamsEnd: 0.098ms
	GenerateScriptTypeHashes: 4.566ms
	Untracked: 1024.036ms
Asset Pipeline Refresh (id=263d7db38f9043b4998bbd911a5eed04): Total: 0.008 seconds - Initiated by RefreshV2(NoUpdateAssetOptions)
[00:00:06] Finished 1 Bake Ambient Probe job (0.00s execute, 0.00s integrate, 1.53s wallclock)
[Licensing::Client] Successfully resolved entitlement details
Starting cubemap convolution for '' (size 128)
...took 0.061 seconds
Curl error 35: Cert verify failed. Certificate could not be verified (either omitted or unsupported). UnityTls error code: 7
Curl error 35: Cert verify failed. Certificate could not be verified (either omitted or unsupported). UnityTls error code: 7
Asset Pipeline Refresh (id=5a618b6ed37049d4bb8612522c6a15ba): Total: 0.013 seconds - Initiated by RefreshV2(AllowForceSynchronousImport)
Reloading assemblies for play mode.
Reloading assemblies after forced synchronous recompile.
Begin MonoManager ReloadAssembly
- Loaded All Assemblies, in  0.832 seconds
Refreshing native plugins compatible for Editor in 11.20 ms, found 13 plugins.
Native extension for WindowsStandalone target not found
[MODES] ModeService[none].Initialize
[MODES] ModeService[none].LoadModes
[MODES] Loading mode Default (0) for mode-current-id-VR
[PhysX] Initialized MultithreadedTaskDispatcher with 20 workers.
Mono: successfully reloaded assembly
- Finished resetting the current domain, in  1.520 seconds
Domain Reload Profiling: 2361ms
	BeginReloadAssembly (696ms)
		ExecutionOrderSort (1ms)
		DisableScriptedObjects (39ms)
		BackupInstance (0ms)
		ReleaseScriptingObjects (1ms)
		CreateAndSetChildDomain (497ms)
	RebuildCommonClasses (27ms)
	RebuildNativeTypeToScriptingClass (8ms)
	initialDomainReloadingComplete (21ms)
	LoadAllAssembliesAndSetupDomain (89ms)
		LoadAssemblies (136ms)
		RebuildTransferFunctionScriptingTraits (0ms)
		AnalyzeDomain (23ms)
			TypeCache.Refresh (7ms)
				TypeCache.ScanAssembly (0ms)
			ScanForSourceGeneratedMonoScriptInfo (0ms)
			ResolveRequiredComponents (13ms)
	FinalizeReload (1520ms)
		ReleaseScriptCaches (0ms)
		RebuildScriptCaches (0ms)
		SetupLoadedEditorAssemblies (736ms)
			LogAssemblyErrors (0ms)
			InitializePlatformSupportModulesInManaged (5ms)
			SetLoadedEditorAssemblies (5ms)
			RefreshPlugins (0ms)
			BeforeProcessingInitializeOnLoad (71ms)
			ProcessInitializeOnLoadAttributes (576ms)
			ProcessInitializeOnLoadMethodAttributes (78ms)
			AfterProcessingInitializeOnLoad (2ms)
			EditorAssembliesLoaded (0ms)
		ExecutionOrderSort2 (1ms)
		AwakeInstancesAfterBackupRestoration (393ms)
Asset Pipeline Refresh (id=b65811b02b68bcc489e5e05ebc32205d): Total: 2.795 seconds - Initiated by StopAssetImportingV2(ForceSynchronousImport | ForceDomainReload)
	Summary:
		Imports: total=0 (actual=0, local cache=0, cache server=0)
		Asset DB Process Time: managed=0 ms, native=392 ms
		Asset DB Callback time: managed=11 ms, native=0 ms
		Scripting: domain reloads=1, domain reload time=2387 ms, compile time=2 ms, other=0 ms
		Project Asset Count: scripts=8403, non-scripts=2283
		Asset File Changes: new=0, changed=0, moved=0, deleted=0
		Scan Filter Count: 0
	InvokeBeforeRefreshCallbacks: 0.485ms
	ApplyChangesToAssetFolders: 0.162ms
	Scan: 0.002ms
	OnSourceAssetsModified: 0.003ms
	GetAllGuidsForCategorization: 1.639ms
	CategorizeAssets: 174.988ms
	ImportOutOfDateAssets: 1549.606ms (1539.694ms without children)
		CompileScripts: 2.226ms
		CollectScriptTypesHashes: 0.370ms
		ReloadNativeAssets: 0.743ms
		UnloadImportedAssets: 0.248ms
		EnsureUptoDateAssetsAreRegisteredWithGuidPM: 2.243ms
		InitializingProgressBar: 0.005ms
		PostProcessAllAssetNotificationsAddChangedAssets: 0.001ms
		OnDemandSchedulerStart: 4.077ms
	PostProcessAllAssets: 11.605ms
	GatherAllCurrentPrimaryArtifactRevisions: 1.126ms
	UnloadStreamsBegin: 1.619ms
	PersistCurrentRevisions: 0.301ms
	UnloadStreamsEnd: 0.070ms
	GenerateScriptTypeHashes: 4.003ms
	Untracked: 1053.068ms
<RI> Initialized touch support.
[PhysX] Initialized MultithreadedTaskDispatcher with 20 workers.
[Subsystems] Loading plugin UnityOpenXR for subsystem OpenXR Display...
[XR] [40152] [22:44:28.446][Info   ] Available Layers: (0)
[XR] [40152] [22:44:34.125][Error  ] xrGetSystem: XR_ERROR_FORM_FACTOR_UNAVAILABLE
[XR] [40152] [22:44:34.125][Info   ] 

==== Start Unity OpenXR Diagnostic Report ====


[XR] [40152] [22:44:34.125][Info   ] ==== Report Reason: Uncaught Exception ====


[XR] [40152] [22:44:34.125][Info   ] ==== OpenXR Init Info ====
[XR] [40152] [22:44:34.125][Info   ] 
[XR] [40152] [22:44:34.125][Info   ] Stage 1 Missing Entry Points: (1)
[XR] [40152] [22:44:34.125][Info   ]   xrInitializeLoaderKHR
[XR] [40152] [22:44:34.125][Info   ] 
[XR] [40152] [22:44:34.125][Info   ] ==== OpenXR Runtime Info ====
[XR] [40152] [22:44:34.125][Info   ] 
[XR] [40152] [22:44:34.125][Info   ] Available Runtime Extensions: (39)
[XR] [40152] [22:44:34.125][Info   ]   XR_KHR_vulkan_enable: Version=9
[XR] [40152] [22:44:34.125][Info   ]   XR_KHR_vulkan_enable2: Version=3
[XR] [40152] [22:44:34.125][Info   ]   XR_KHR_D3D11_enable: Version=10
[XR] [40152] [22:44:34.125][Info   ]   XR_KHR_D3D12_enable: Version=10
[XR] [40152] [22:44:34.125][Info   ]   XR_KHR_opengl_enable: Version=11
[XR] [40152] [22:44:34.125][Info   ]   XR_KHR_win32_convert_performance_counter_time: Version=1
[XR] [40152] [22:44:34.125][Info   ]   XR_EXT_win32_appcontainer_compatible: Version=1
[XR] [40152] [22:44:34.125][Info   ]   XR_KHR_binding_modification: Version=1
[XR] [40152] [22:44:34.125][Info   ]   XR_KHR_composition_layer_depth: Version=6
[XR] [40152] [22:44:34.125][Info   ]   XR_KHR_locate_spaces: Version=1
[XR] [40152] [22:44:34.125][Info   ]   XR_KHR_visibility_mask: Version=2
[XR] [40152] [22:44:34.125][Info   ]   XR_EXT_active_action_set_priority: Version=1
[XR] [40152] [22:44:34.125][Info   ]   XR_EXT_dpad_binding: Version=1
[XR] [40152] [22:44:34.125][Info   ]   XR_EXT_eye_gaze_interaction: Version=2
[XR] [40152] [22:44:34.125][Info   ]   XR_EXT_frame_composition_report: Version=4
[XR] [40152] [22:44:34.125][Info   ]   XR_EXT_hand_interaction: Version=2
[XR] [40152] [22:44:34.125][Info   ]   XR_EXT_hand_tracking: Version=4
[XR] [40152] [22:44:34.125][Info   ]   XR_EXT_hand_tracking_data_source: Version=1
[XR] [40152] [22:44:34.125][Info   ]   XR_EXT_hand_joints_motion_range: Version=1
[XR] [40152] [22:44:34.125][Info   ]   XR_EXT_hp_mixed_reality_controller: Version=1
[XR] [40152] [22:44:34.125][Info   ]   XR_EXT_local_floor: Version=1
[XR] [40152] [22:44:34.125][Info   ]   XR_EXT_palm_pose: Version=3
[XR] [40152] [22:44:34.125][Info   ]   XR_EXT_uuid: Version=1
[XR] [40152] [22:44:34.125][Info   ]   XR_EXT_user_presence: Version=1
[XR] [40152] [22:44:34.125][Info   ]   XR_EXT_render_model: Version=1
[XR] [40152] [22:44:34.125][Info   ]   XR_EXT_interaction_render_model: Version=1
[XR] [40152] [22:44:34.125][Info   ]   XR_FB_display_refresh_rate: Version=1
[XR] [40152] [22:44:34.125][Info   ]   XR_HTC_vive_cosmos_controller_interaction: Version=1
[XR] [40152] [22:44:34.125][Info   ]   XR_HTC_vive_focus3_controller_interaction: Version=2
[XR] [40152] [22:44:34.125][Info   ]   XR_HTC_vive_wrist_tracker_interaction: Version=1
[XR] [40152] [22:44:34.125][Info   ]   XR_MND_headless: Version=3
[XR] [40152] [22:44:34.125][Info   ]   XR_VALVE_analog_threshold: Version=2
[XR] [40152] [22:44:34.125][Info   ]   XR_META_performance_metrics: Version=2
[XR] [40152] [22:44:34.125][Info   ]   XR_VALVE_timing_utils: Version=1
[XR] [40152] [22:44:34.125][Info   ]   XR_META_recommended_layer_resolution: Version=1
[XR] [40152] [22:44:34.125][Info   ]   XR_HTCX_vive_tracker_interaction: Version=3
[XR] [40152] [22:44:34.125][Info   ]   XR_KHR_generic_controller: Version=1
[XR] [40152] [22:44:34.125][Info   ]   XR_VALVE_frame_controller_interaction: Version=1
[XR] [40152] [22:44:34.125][Info   ]   XR_EXT_debug_utils: Version=5
[XR] [40152] [22:44:34.125][Info   ] 
[XR] [40152] [22:44:34.125][Info   ] Available Layers: (0)
[XR] [40152] [22:44:34.125][Info   ] 
[XR] [40152] [22:44:34.125][Info   ] Runtime Name: SteamVR/OpenXR
[XR] [40152] [22:44:34.125][Info   ] Runtime Version: 2.15.6
[XR] [40152] [22:44:34.126][Info   ] 
[XR] [40152] [22:44:34.126][Info   ] ==== OpenXR Exception Thrown ====
[XR] [40152] [22:44:34.126][Info   ] 
[XR] [40152] [22:44:34.126][Info   ] Error: XrResult failure [XR_ERROR_FORM_FACTOR_UNAVAILABLE]
[XR] [40152] [22:44:34.126][Info   ]     Origin: result
[XR] [40152] [22:44:34.126][Info   ]     Source: C:\build\output\unity\xr.sdk.openxr\NativePlugin\Source\unity_session.cpp:281
[XR] [40152] [22:44:34.126][Info   ] 
[XR] [40152] [22:44:34.126][Info   ] 
[XR] [40152] [22:44:34.126][Info   ] ==== Std Exception Thrown ====
[XR] [40152] [22:44:34.126][Info   ] 
[XR] [40152] [22:44:34.126][Info   ] Function: Display_Initialize
[XR] [40152] [22:44:34.126][Info   ] Message: XrResult failure [XR_ERROR_FORM_FACTOR_UNAVAILABLE]
[XR] [40152] [22:44:34.126][Info   ]     Origin: result
[XR] [40152] [22:44:34.126][Info   ]     Source: C:\build\output\unity\xr.sdk.openxr\NativePlugin\Source\unity_session.cpp:281
[XR] [40152] [22:44:34.126][Info   ] 
[XR] [40152] [22:44:34.126][Info   ] ==== Last 20 non-XR_SUCCESS returns ====
[XR] [40152] [22:44:34.126][Info   ] [FAILURE] xrGetSystem: XR_ERROR_FORM_FACTOR_UNAVAILABLE (1x)
[XR] [40152] [22:44:34.126][Info   ] 
[XR] [40152] [22:44:34.126][Info   ] ==== Last 20 Events ====
[XR] [40152] [22:44:34.126][Info   ] 

==== End Unity OpenXR Diagnostic Report ====


[Subsystems] Failed to initialize subsystem OpenXR Display [error: 1]
[XR] [40152] [22:44:34.128][Info   ] 

==== Start Unity OpenXR Diagnostic Report ====


[XR] [40152] [22:44:34.128][Info   ] ==== Report Reason: System Shutdown ====


[XR] [40152] [22:44:34.128][Info   ] ==== OpenXR Init Info ====
[XR] [40152] [22:44:34.128][Info   ] 
[XR] [40152] [22:44:34.128][Info   ] Stage 1 Missing Entry Points: (1)
[XR] [40152] [22:44:34.128][Info   ]   xrInitializeLoaderKHR
[XR] [40152] [22:44:34.128][Info   ] 
[XR] [40152] [22:44:34.128][Info   ] ==== OpenXR Runtime Info ====
[XR] [40152] [22:44:34.128][Info   ] 
[XR] [40152] [22:44:34.128][Info   ] Available Runtime Extensions: (39)
[XR] [40152] [22:44:34.128][Info   ]   XR_KHR_vulkan_enable: Version=9
[XR] [40152] [22:44:34.128][Info   ]   XR_KHR_vulkan_enable2: Version=3
[XR] [40152] [22:44:34.128][Info   ]   XR_KHR_D3D11_enable: Version=10
[XR] [40152] [22:44:34.128][Info   ]   XR_KHR_D3D12_enable: Version=10
[XR] [40152] [22:44:34.128][Info   ]   XR_KHR_opengl_enable: Version=11
[XR] [40152] [22:44:34.128][Info   ]   XR_KHR_win32_convert_performance_counter_time: Version=1
[XR] [40152] [22:44:34.128][Info   ]   XR_EXT_win32_appcontainer_compatible: Version=1
[XR] [40152] [22:44:34.128][Info   ]   XR_KHR_binding_modification: Version=1
[XR] [40152] [22:44:34.128][Info   ]   XR_KHR_composition_layer_depth: Version=6
[XR] [40152] [22:44:34.128][Info   ]   XR_KHR_locate_spaces: Version=1
[XR] [40152] [22:44:34.128][Info   ]   XR_KHR_visibility_mask: Version=2
[XR] [40152] [22:44:34.128][Info   ]   XR_EXT_active_action_set_priority: Version=1
[XR] [40152] [22:44:34.128][Info   ]   XR_EXT_dpad_binding: Version=1
[XR] [40152] [22:44:34.128][Info   ]   XR_EXT_eye_gaze_interaction: Version=2
[XR] [40152] [22:44:34.128][Info   ]   XR_EXT_frame_composition_report: Version=4
[XR] [40152] [22:44:34.128][Info   ]   XR_EXT_hand_interaction: Version=2
[XR] [40152] [22:44:34.128][Info   ]   XR_EXT_hand_tracking: Version=4
[XR] [40152] [22:44:34.128][Info   ]   XR_EXT_hand_tracking_data_source: Version=1
[XR] [40152] [22:44:34.128][Info   ]   XR_EXT_hand_joints_motion_range: Version=1
[XR] [40152] [22:44:34.128][Info   ]   XR_EXT_hp_mixed_reality_controller: Version=1
[XR] [40152] [22:44:34.128][Info   ]   XR_EXT_local_floor: Version=1
[XR] [40152] [22:44:34.128][Info   ]   XR_EXT_palm_pose: Version=3
[XR] [40152] [22:44:34.128][Info   ]   XR_EXT_uuid: Version=1
[XR] [40152] [22:44:34.128][Info   ]   XR_EXT_user_presence: Version=1
[XR] [40152] [22:44:34.128][Info   ]   XR_EXT_render_model: Version=1
[XR] [40152] [22:44:34.128][Info   ]   XR_EXT_interaction_render_model: Version=1
[XR] [40152] [22:44:34.128][Info   ]   XR_FB_display_refresh_rate: Version=1
[XR] [40152] [22:44:34.128][Info   ]   XR_HTC_vive_cosmos_controller_interaction: Version=1
[XR] [40152] [22:44:34.128][Info   ]   XR_HTC_vive_focus3_controller_interaction: Version=2
[XR] [40152] [22:44:34.128][Info   ]   XR_HTC_vive_wrist_tracker_interaction: Version=1
[XR] [40152] [22:44:34.128][Info   ]   XR_MND_headless: Version=3
[XR] [40152] [22:44:34.128][Info   ]   XR_VALVE_analog_threshold: Version=2
[XR] [40152] [22:44:34.128][Info   ]   XR_META_performance_metrics: Version=2
[XR] [40152] [22:44:34.129][Info   ]   XR_VALVE_timing_utils: Version=1
[XR] [40152] [22:44:34.129][Info   ]   XR_META_recommended_layer_resolution: Version=1
[XR] [40152] [22:44:34.129][Info   ]   XR_HTCX_vive_tracker_interaction: Version=3
[XR] [40152] [22:44:34.129][Info   ]   XR_KHR_generic_controller: Version=1
[XR] [40152] [22:44:34.129][Info   ]   XR_VALVE_frame_controller_interaction: Version=1
[XR] [40152] [22:44:34.129][Info   ]   XR_EXT_debug_utils: Version=5
[XR] [40152] [22:44:34.129][Info   ] 
[XR] [40152] [22:44:34.129][Info   ] Available Layers: (0)
[XR] [40152] [22:44:34.129][Info   ] 
[XR] [40152] [22:44:34.129][Info   ] Runtime Name: SteamVR/OpenXR
[XR] [40152] [22:44:34.129][Info   ] Runtime Version: 2.15.6
[XR] [40152] [22:44:34.129][Info   ] 
[XR] [40152] [22:44:34.129][Info   ] ==== OpenXR Exception Thrown ====
[XR] [40152] [22:44:34.129][Info   ] 
[XR] [40152] [22:44:34.129][Info   ] Error: XrResult failure [XR_ERROR_FORM_FACTOR_UNAVAILABLE]
[XR] [40152] [22:44:34.129][Info   ]     Origin: result
[XR] [40152] [22:44:34.129][Info   ]     Source: C:\build\output\unity\xr.sdk.openxr\NativePlugin\Source\unity_session.cpp:281
[XR] [40152] [22:44:34.129][Info   ] 
[XR] [40152] [22:44:34.129][Info   ] 
[XR] [40152] [22:44:34.129][Info   ] ==== Std Exception Thrown ====
[XR] [40152] [22:44:34.129][Info   ] 
[XR] [40152] [22:44:34.129][Info   ] Function: Display_Initialize
[XR] [40152] [22:44:34.129][Info   ] Message: XrResult failure [XR_ERROR_FORM_FACTOR_UNAVAILABLE]
[XR] [40152] [22:44:34.129][Info   ]     Origin: result
[XR] [40152] [22:44:34.129][Info   ]     Source: C:\build\output\unity\xr.sdk.openxr\NativePlugin\Source\unity_session.cpp:281
[XR] [40152] [22:44:34.129][Info   ] 
[XR] [40152] [22:44:34.129][Info   ] ==== Last 20 non-XR_SUCCESS returns ====
[XR] [40152] [22:44:34.129][Info   ] [FAILURE] xrGetSystem: XR_ERROR_FORM_FACTOR_UNAVAILABLE (1x)
[XR] [40152] [22:44:34.129][Info   ] 
[XR] [40152] [22:44:34.129][Info   ] ==== Last 20 Events ====
[XR] [40152] [22:44:34.129][Info   ] 

==== End Unity OpenXR Diagnostic Report ====


[XR] XR_META_performance_metrics: Attempted to stop before session ready
Loaded scene 'Temp/__Backupscenes/0.backup'
	Deserialize:            22.773 ms
	Integration:            5975.674 ms
	Integration of assets:  0.155 ms
	Thread Wait Time:       -0.007 ms
	Total Operation Time:   5998.595 ms
[Licensing::Client] Successfully resolved entitlement details
[Licensing::Client] Successfully resolved entitlement details
[PhysX] Initialized MultithreadedTaskDispatcher with 20 workers.
Unloading 4 Unused Serialized files (Serialized files now loaded: 0)
Loaded scene 'Temp/__Backupscenes/0.backup'
	Deserialize:            12.633 ms
	Integration:            176.657 ms
	Integration of assets:  0.019 ms
	Thread Wait Time:       -0.009 ms
	Total Operation Time:   189.300 ms
Unloading 1285 unused Assets / (217.9 MB). Loaded Objects now: 11672.
Memory consumption went from 0.51 GB to 302.4 MB.
Total: 31.062400 ms (FindLiveObjects: 0.617400 ms CreateObjectMapping: 0.384100 ms MarkObjects: 26.104600 ms  DeleteObjects: 3.952300 ms)

[Licensing::Client] Successfully resolved entitlement details
[PhysX] Initialized MultithreadedTaskDispatcher with 20 workers.
<RI> Initialized touch support.
<RI> Initialized touch support.
<RI> Initialized touch support.
<RI> Initialized touch support.
<RI> Initialized touch support.
Curl error 35: Cert verify failed. Certificate could not be verified (either omitted or unsupported). UnityTls error code: 7
Curl error 35: Cert verify failed. Certificate could not be verified (either omitted or unsupported). UnityTls error code: 7
[ScriptCompilation] Requested script compilation because: Assetdatabase observed changes in script compilation related files
AssetDatabase: script compilation time: 0.000965s
Starting: E:\2022.3.62f3c1\Editor\Data\bee_backend.exe --ipc --defer-dag-verification --dagfile="Library/Bee/1900b0aE.dag" --continue-on-failure --profile="Library/Bee/backend1.traceevents" ScriptAssemblies
WorkingDir: E:/AI/project/SimulatedShooting
ExitCode: 0 Duration: 0s676ms
[ 780/1023  0s] ILPP-Configuration Library/ilpp-configuration.nevergeneratedoutput
[1015/1023  0s] Csc Library/Bee/artifacts/1900b0aE.dag/SimulatedShooting.Editor.dll (+2 others)
[1017/1023  0s] ILPostProcess Library/Bee/artifacts/1900b0aE.dag/post-processed/Assembly-CSharp.dll (+pdb)
Processing assembly Library/Bee/artifacts/1900b0aE.dag/Assembly-CSharp.dll, with 124 defines and 280 references

processors: zzzUnity.Burst.CodeGen.BurstILPostProcessor

running zzzUnity.Burst.CodeGen.BurstILPostProcessor
[1018/1023  0s] ILPostProcess Library/Bee/artifacts/1900b0aE.dag/post-processed/SimulatedShooting.Editor.dll (+pdb)
Processing assembly Library/Bee/artifacts/1900b0aE.dag/SimulatedShooting.Editor.dll, with 122 defines and 229 references

processors: zzzUnity.Burst.CodeGen.BurstILPostProcessor

running zzzUnity.Burst.CodeGen.BurstILPostProcessor
[1021/1023  0s] CopyFiles Library/ScriptAssemblies/SimulatedShooting.Editor.pdb
[1022/1023  0s] CopyFiles Library/ScriptAssemblies/SimulatedShooting.Editor.dll
*** Tundra build success (0.63 seconds), 6 items updated, 1023 evaluated
Reloading assemblies after forced synchronous recompile.
Begin MonoManager ReloadAssembly
- Loaded All Assemblies, in  0.955 seconds
Start importing Assets/SimulatedShooting/Editor/ZeroingRangeSceneBuilder.cs using Guid(4fca972209cfb6247b4bb8f6fba670ec) Importer(-1,00000000000000000000000000000000) [PhysX] Initialized MultithreadedTaskDispatcher with 20 workers.
 -> (artifact id: '20a30653fa16d8e5938d308109745a2e') in 0.015385 seconds
Refreshing native plugins compatible for Editor in 12.54 ms, found 13 plugins.
Native extension for WindowsStandalone target not found
[MODES] ModeService[none].Initialize
[MODES] ModeService[none].LoadModes
[MODES] Loading mode Default (0) for mode-current-id-VR
[PhysX] Initialized MultithreadedTaskDispatcher with 20 workers.
Mono: successfully reloaded assembly
- Finished resetting the current domain, in  1.579 seconds
Domain Reload Profiling: 2537ms
	BeginReloadAssembly (779ms)
		ExecutionOrderSort (1ms)
		DisableScriptedObjects (26ms)
		BackupInstance (0ms)
		ReleaseScriptingObjects (1ms)
		CreateAndSetChildDomain (407ms)
	RebuildCommonClasses (27ms)
	RebuildNativeTypeToScriptingClass (9ms)
	initialDomainReloadingComplete (22ms)
	LoadAllAssembliesAndSetupDomain (120ms)
		LoadAssemblies (139ms)
		RebuildTransferFunctionScriptingTraits (0ms)
		AnalyzeDomain (56ms)
			TypeCache.Refresh (12ms)
				TypeCache.ScanAssembly (0ms)
			ScanForSourceGeneratedMonoScriptInfo (28ms)
			ResolveRequiredComponents (12ms)
	FinalizeReload (1579ms)
		ReleaseScriptCaches (0ms)
		RebuildScriptCaches (0ms)
		SetupLoadedEditorAssemblies (791ms)
			LogAssemblyErrors (0ms)
			InitializePlatformSupportModulesInManaged (3ms)
			SetLoadedEditorAssemblies (4ms)
			RefreshPlugins (0ms)
			BeforeProcessingInitializeOnLoad (166ms)
			ProcessInitializeOnLoadAttributes (528ms)
			ProcessInitializeOnLoadMethodAttributes (88ms)
			AfterProcessingInitializeOnLoad (1ms)
			EditorAssembliesLoaded (0ms)
		ExecutionOrderSort2 (0ms)
		AwakeInstancesAfterBackupRestoration (368ms)
Refreshing native plugins compatible for Editor in 10.78 ms, found 13 plugins.
Preloading 1 native plugins for Editor in 0.07 ms.
Asset Pipeline Refresh (id=9636e95f15e85824cbf7671a2a3b7c65): Total: 4.069 seconds - Initiated by RefreshV2(AllowForceSynchronousImport)
	Summary:
		Imports: total=0 (actual=0, local cache=0, cache server=0)
		Asset DB Process Time: managed=2 ms, native=457 ms
		Asset DB Callback time: managed=91 ms, native=14 ms
		Scripting: domain reloads=1, domain reload time=2589 ms, compile time=914 ms, other=0 ms
		Project Asset Count: scripts=8403, non-scripts=2283
		Asset File Changes: new=0, changed=1, moved=0, deleted=0
		Scan Filter Count: 0
	InvokeBeforeRefreshCallbacks: 0.471ms
	ApplyChangesToAssetFolders: 0.096ms
	Scan: 2.093ms
	OnSourceAssetsModified: 2.662ms
	GetAllGuidsForCategorization: 1.235ms
	CategorizeAssets: 223.419ms
	ImportOutOfDateAssets: 1656.671ms (711.568ms without children)
		ImportManagerImport: 22.898ms (6.982ms without children)
			ImportInProcess: 15.916ms
		CompileScripts: 913.523ms
		CollectScriptTypesHashes: 0.105ms
		ReloadNativeAssets: 0.604ms
		UnloadImportedAssets: 1.216ms
		ReloadImportedAssets: 0.534ms
		EnsureUptoDateAssetsAreRegisteredWithGuidPM: 2.877ms
		InitializingProgressBar: 0.001ms
		PostProcessAllAssetNotificationsAddChangedAssets: 0.001ms
		OnDemandSchedulerStart: 3.345ms
	PostProcessAllAssets: 90.515ms
	Hotreload: 12.100ms
	GatherAllCurrentPrimaryArtifactRevisions: 0.488ms
	UnloadStreamsBegin: 1.417ms
	PersistCurrentRevisions: 0.439ms
	UnloadStreamsEnd: 0.071ms
	GenerateScriptTypeHashes: 4.330ms
	Untracked: 2077.289ms
Curl error 35: Cert verify failed. Certificate could not be verified (either omitted or unsupported). UnityTls error code: 7
Curl error 35: Cert verify failed. Certificate could not be verified (either omitted or unsupported). UnityTls error code: 7
Asset Pipeline Refresh (id=51f9ef6a2dce17b42a1c500cc216359e): Total: 0.020 seconds - Initiated by RefreshV2(AllowForceSynchronousImport)
[Licensing::Client] Successfully resolved entitlement details
[PhysX] Initialized MultithreadedTaskDispatcher with 20 workers.
[PhysX] Initialized MultithreadedTaskDispatcher with 20 workers.
Unloading 2 Unused Serialized files (Serialized files now loaded: 0)
Unloading 1839 unused Assets / (2.4 MB). Loaded Objects now: 8840.
Memory consumption went from 510.0 MB to 507.5 MB.
Total: 21.827000 ms (FindLiveObjects: 0.731300 ms CreateObjectMapping: 0.304000 ms MarkObjects: 15.210000 ms  DeleteObjects: 5.577900 ms)

Start importing Assets/SimulatedShooting/Art/Materials/TargetDark.mat using Guid(41fbb3c10430ef24387cd2a5bb2a0a93) Importer(-1,00000000000000000000000000000000) [PhysX] Initialized MultithreadedTaskDispatcher with 20 workers.
 -> (artifact id: 'bd5dc45be726b0a2e4097be41970347a') in 0.002432 seconds
Start importing Assets/SimulatedShooting/Art/Materials/RangeDarkMetal.mat using Guid(a1b89bc92edf39746b6b48d0f3187d75) Importer(-1,00000000000000000000000000000000) [PhysX] Initialized MultithreadedTaskDispatcher with 20 workers.
 -> (artifact id: '834168fb4f5f225e1af7f5e3da00a661') in 0.001686 seconds
Start importing Assets/SimulatedShooting/Art/Materials/RangeEarth.mat using Guid(a207bf3f213e8a24081ca97f5b309775) Importer(-1,00000000000000000000000000000000) [PhysX] Initialized MultithreadedTaskDispatcher with 20 workers.
 -> (artifact id: '324c3a5b12bec377b2b0810041c8d99e') in 0.001695 seconds
Start importing Assets/SimulatedShooting/Art/Materials/TargetTenRing.mat using Guid(d4e670674761acc4fbb7404fc5c9faca) Importer(-1,00000000000000000000000000000000) [PhysX] Initialized MultithreadedTaskDispatcher with 20 workers.
 -> (artifact id: 'c81579d1511978868052ebefacbe3dd2') in 0.001640 seconds
Start importing Assets/SimulatedShooting/Art/Materials/RangeSkybox.mat using Guid(45be7d2eeed379c43b76a3e25177c37b) Importer(-1,00000000000000000000000000000000) [PhysX] Initialized MultithreadedTaskDispatcher with 20 workers.
 -> (artifact id: 'd1dc7aed074923c304103dbc6bfe3fae') in 0.001796 seconds
Start importing Assets/SimulatedShooting/Art/Materials/RangeSandbag.mat using Guid(a6767ef5dfce3d4478fdc344b54d4f8e) Importer(-1,00000000000000000000000000000000) [PhysX] Initialized MultithreadedTaskDispatcher with 20 workers.
 -> (artifact id: '7654d659c0c789c97fe905493cb0bd90') in 0.001901 seconds
Start importing Assets/SimulatedShooting/Art/Materials/RangeConcrete.mat using Guid(d6cf7b407c8d8284a82291fbe708e5b0) Importer(-1,00000000000000000000000000000000) [PhysX] Initialized MultithreadedTaskDispatcher with 20 workers.
 -> (artifact id: '6b772931077695237d48b13ce1001173') in 0.001804 seconds
Start importing Assets/SimulatedShooting/Art/Materials/RangeLine.mat using Guid(176f3662c624a3f4282f53a732f2a0c8) Importer(-1,00000000000000000000000000000000) [PhysX] Initialized MultithreadedTaskDispatcher with 20 workers.
 -> (artifact id: 'a0763a9b695b0dc79fb18589e02bee58') in 0.001770 seconds
Start importing Assets/SimulatedShooting/Art/Materials/RangeMarker.mat using Guid(57fad3f230a016f45ad9ff2641cbe189) Importer(-1,00000000000000000000000000000000) [PhysX] Initialized MultithreadedTaskDispatcher with 20 workers.
 -> (artifact id: '5a4c6e4633d70532914569468da32128') in 0.001720 seconds
Start importing Assets/SimulatedShooting/Art/Materials/RangeGround.mat using Guid(79102a5c96c5efb4d9616abaf335f53d) Importer(-1,00000000000000000000000000000000) [PhysX] Initialized MultithreadedTaskDispatcher with 20 workers.
 -> (artifact id: 'bfeaa7c9a39ff6a6171b9d040db99ddd') in 0.002047 seconds
Start importing Assets/SimulatedShooting/Art/Materials/TargetBoard.mat using Guid(aab020b83d448a14192266aef5d5d79d) Importer(-1,00000000000000000000000000000000) [PhysX] Initialized MultithreadedTaskDispatcher with 20 workers.
 -> (artifact id: 'ae5cdbace1c2f891374161a0532e7715') in 0.001781 seconds
Start importing Assets/SimulatedShooting/Art/Materials/RangeFoliage.mat using Guid(8bfd9d382ce7ea244bc8a65df7db7102) Importer(-1,00000000000000000000000000000000) [PhysX] Initialized MultithreadedTaskDispatcher with 20 workers.
 -> (artifact id: '2db718f65800205cfc2697b2a6ae81cd') in 0.001723 seconds
Start importing Assets/XR/Settings/Open XR Package Settings.asset using Guid(a9a6963505ddf7f4d886008c6dc86122) Importer(-1,00000000000000000000000000000000) [PhysX] Initialized MultithreadedTaskDispatcher with 20 workers.
 -> (artifact id: '74a195b6b4db782fcbd0c1ea61cb9cd3') in 0.002204 seconds
Refreshing native plugins compatible for Editor in 10.82 ms, found 13 plugins.
Preloading 1 native plugins for Editor in 0.08 ms.
Asset Pipeline Refresh (id=09e23d1dbca76814799df0460a9047df): Total: 0.115 seconds - Initiated by StopAssetImportingV2(NoUpdateAssetOptions)
Start importing Assets/Scenes/ZeroingRangeScene.unity using Guid(693fcff55b1a9e14ca485ca7b1e9ca68) Importer(-1,00000000000000000000000000000000) [PhysX] Initialized MultithreadedTaskDispatcher with 20 workers.
 -> (artifact id: '23dd3f83ea0f06a12cc8b48c23c4b6f8') in 0.001098 seconds
Refreshing native plugins compatible for Editor in 10.17 ms, found 13 plugins.
Preloading 1 native plugins for Editor in 0.06 ms.
Asset Pipeline Refresh (id=26e9926e08e7d704db91336e5b3677ac): Total: 0.045 seconds - Initiated by StopAssetImportingV2(NoUpdateAssetOptions)
LightingSettings: switching bake backend from 1 to 2.
Task004 reference scene rebuilt and preview captured.
UnityEngine.StackTraceUtility:ExtractStackTrace ()
UnityEngine.DebugLogHandler:LogFormat (UnityEngine.LogType,UnityEngine.Object,string,object[])
UnityEngine.Logger:Log (UnityEngine.LogType,object)
UnityEngine.Debug:Log (object)
SimulatedShooting.Editor.ZeroingRangeSceneBuilder/<>c:<RebuildTask004Once>b__2_0 () (at Assets/SimulatedShooting/Editor/ZeroingRangeSceneBuilder.cs:39)
UnityEditor.EditorApplication:Internal_CallDelayFunctions ()

(Filename: Assets/SimulatedShooting/Editor/ZeroingRangeSceneBuilder.cs Line: 39)

Curl error 35: Cert verify failed. Certificate could not be verified (either omitted or unsupported). UnityTls error code: 7
Curl error 35: Cert verify failed. Certificate could not be verified (either omitted or unsupported). UnityTls error code: 7
Curl error 35: Cert verify failed. Certificate could not be verified (either omitted or unsupported). UnityTls error code: 7
Curl error 35: Cert verify failed. Certificate could not be verified (either omitted or unsupported). UnityTls error code: 7
[ScriptCompilation] Requested script compilation because: Assetdatabase observed changes in script compilation related files
AssetDatabase: script compilation time: 0.001282s
[Licensing::Client] Successfully resolved entitlement details
Starting: E:\2022.3.62f3c1\Editor\Data\bee_backend.exe --ipc --defer-dag-verification --dagfile="Library/Bee/1900b0aE.dag" --continue-on-failure --profile="Library/Bee/backend1.traceevents" ScriptAssemblies
WorkingDir: E:/AI/project/SimulatedShooting
ExitCode: 0 Duration: 0s578ms
[ 780/1023  0s] ILPP-Configuration Library/ilpp-configuration.nevergeneratedoutput
[1015/1023  0s] Csc Library/Bee/artifacts/1900b0aE.dag/SimulatedShooting.Editor.dll (+2 others)
[1017/1023  0s] ILPostProcess Library/Bee/artifacts/1900b0aE.dag/post-processed/SimulatedShooting.Editor.dll (+pdb)
Processing assembly Library/Bee/artifacts/1900b0aE.dag/SimulatedShooting.Editor.dll, with 122 defines and 229 references

processors: zzzUnity.Burst.CodeGen.BurstILPostProcessor

running zzzUnity.Burst.CodeGen.BurstILPostProcessor
[1018/1023  0s] CopyFiles Library/ScriptAssemblies/SimulatedShooting.Editor.pdb
[1019/1023  0s] ILPostProcess Library/Bee/artifacts/1900b0aE.dag/post-processed/Assembly-CSharp.dll (+pdb)
Processing assembly Library/Bee/artifacts/1900b0aE.dag/Assembly-CSharp.dll, with 124 defines and 280 references

processors: zzzUnity.Burst.CodeGen.BurstILPostProcessor

running zzzUnity.Burst.CodeGen.BurstILPostProcessor
[1022/1023  0s] CopyFiles Library/ScriptAssemblies/SimulatedShooting.Editor.dll
*** Tundra build success (0.53 seconds), 6 items updated, 1023 evaluated
Reloading assemblies after forced synchronous recompile.
Begin MonoManager ReloadAssembly
- Loaded All Assemblies, in  1.308 seconds
Start importing Assets/SimulatedShooting/Editor/ZeroingRangeSceneBuilder.cs using Guid(4fca972209cfb6247b4bb8f6fba670ec) Importer(-1,00000000000000000000000000000000) [PhysX] Initialized MultithreadedTaskDispatcher with 20 workers.
 -> (artifact id: '38a2b513f1597f76a7d067eca2269a80') in 0.015706 seconds
Refreshing native plugins compatible for Editor in 11.02 ms, found 13 plugins.
Native extension for WindowsStandalone target not found
[MODES] ModeService[none].Initialize
[MODES] ModeService[none].LoadModes
[MODES] Loading mode Default (0) for mode-current-id-VR
[PhysX] Initialized MultithreadedTaskDispatcher with 20 workers.
Mono: successfully reloaded assembly
- Finished resetting the current domain, in  1.695 seconds
Domain Reload Profiling: 3013ms
	BeginReloadAssembly (1128ms)
		ExecutionOrderSort (1ms)
		DisableScriptedObjects (87ms)
		BackupInstance (0ms)
		ReleaseScriptingObjects (1ms)
		CreateAndSetChildDomain (693ms)
	RebuildCommonClasses (27ms)
	RebuildNativeTypeToScriptingClass (8ms)
	initialDomainReloadingComplete (22ms)
	LoadAllAssembliesAndSetupDomain (133ms)
		LoadAssemblies (140ms)
		RebuildTransferFunctionScriptingTraits (0ms)
		AnalyzeDomain (61ms)
			TypeCache.Refresh (12ms)
				TypeCache.ScanAssembly (0ms)
			ScanForSourceGeneratedMonoScriptInfo (33ms)
			ResolveRequiredComponents (13ms)
	FinalizeReload (1695ms)
		ReleaseScriptCaches (0ms)
		RebuildScriptCaches (0ms)
		SetupLoadedEditorAssemblies (872ms)
			LogAssemblyErrors (0ms)
			InitializePlatformSupportModulesInManaged (4ms)
			SetLoadedEditorAssemblies (4ms)
			RefreshPlugins (0ms)
			BeforeProcessingInitializeOnLoad (188ms)
			ProcessInitializeOnLoadAttributes (584ms)
			ProcessInitializeOnLoadMethodAttributes (90ms)
			AfterProcessingInitializeOnLoad (1ms)
			EditorAssembliesLoaded (0ms)
		ExecutionOrderSort2 (0ms)
		AwakeInstancesAfterBackupRestoration (380ms)
Refreshing native plugins compatible for Editor in 12.84 ms, found 13 plugins.
Preloading 1 native plugins for Editor in 0.06 ms.
Asset Pipeline Refresh (id=2774a02ff9bd35d4ea35a3909f8338a9): Total: 4.658 seconds - Initiated by RefreshV2(AllowForceSynchronousImport)
	Summary:
		Imports: total=0 (actual=0, local cache=0, cache server=0)
		Asset DB Process Time: managed=3 ms, native=467 ms
		Asset DB Callback time: managed=114 ms, native=17 ms
		Scripting: domain reloads=1, domain reload time=3052 ms, compile time=1003 ms, other=0 ms
		Project Asset Count: scripts=8403, non-scripts=2283
		Asset File Changes: new=0, changed=1, moved=0, deleted=0
		Scan Filter Count: 0
	InvokeBeforeRefreshCallbacks: 0.479ms
	ApplyChangesToAssetFolders: 0.085ms
	Scan: 2.630ms
	OnSourceAssetsModified: 1.735ms
	GetAllGuidsForCategorization: 0.910ms
	CategorizeAssets: 225.014ms
	ImportOutOfDateAssets: 1761.090ms (724.560ms without children)
		ImportManagerImport: 22.999ms (6.968ms without children)
			ImportInProcess: 16.031ms
		CompileScripts: 1003.146ms
		CollectScriptTypesHashes: 0.550ms
		ReloadNativeAssets: 0.830ms
		UnloadImportedAssets: 0.980ms
		ReloadImportedAssets: 0.322ms
		EnsureUptoDateAssetsAreRegisteredWithGuidPM: 3.716ms
		InitializingProgressBar: 0.001ms
		PostProcessAllAssetNotificationsAddChangedAssets: 0.001ms
		OnDemandSchedulerStart: 3.984ms
	PostProcessAllAssets: 115.187ms
	Hotreload: 14.898ms
	GatherAllCurrentPrimaryArtifactRevisions: 0.369ms
	UnloadStreamsBegin: 2.190ms
	PersistCurrentRevisions: 0.447ms
	UnloadStreamsEnd: 0.088ms
	GenerateScriptTypeHashes: 5.029ms
	Untracked: 2532.605ms
[Licensing::Client] Successfully resolved entitlement details
Curl error 35: Cert verify failed. Certificate could not be verified (either omitted or unsupported). UnityTls error code: 7
Curl error 35: Cert verify failed. Certificate could not be verified (either omitted or unsupported). UnityTls error code: 7
Curl error 35: Cert verify failed. Certificate could not be verified (either omitted or unsupported). UnityTls error code: 7
Curl error 35: Cert verify failed. Certificate could not be verified (either omitted or unsupported). UnityTls error code: 7
Curl error 35: Cert verify failed. Certificate could not be verified (either omitted or unsupported). UnityTls error code: 7
Curl error 35: Cert verify failed. Certificate could not be verified (either omitted or unsupported). UnityTls error code: 7
Curl error 35: Cert verify failed. Certificate could not be verified (either omitted or unsupported). UnityTls error code: 7
Curl error 35: Cert verify failed. Certificate could not be verified (either omitted or unsupported). UnityTls error code: 7
Curl error 35: Cert verify failed. Certificate could not be verified (either omitted or unsupported). UnityTls error code: 7
Curl error 35: Cert verify failed. Certificate could not be verified (either omitted or unsupported). UnityTls error code: 7
Curl error 35: Cert verify failed. Certificate could not be verified (either omitted or unsupported). UnityTls error code: 7
Curl error 35: Cert verify failed. Certificate could not be verified (either omitted or unsupported). UnityTls error code: 7
Curl error 35: Cert verify failed. Certificate could not be verified (either omitted or unsupported). UnityTls error code: 7
Curl error 35: Cert verify failed. Certificate could not be verified (either omitted or unsupported). UnityTls error code: 7
Curl error 35: Cert verify failed. Certificate could not be verified (either omitted or unsupported). UnityTls error code: 7
Curl error 35: Cert verify failed. Certificate could not be verified (either omitted or unsupported). UnityTls error code: 7
Curl error 35: Cert verify failed. Certificate could not be verified (either omitted or unsupported). UnityTls error code: 7
Curl error 35: Cert verify failed. Certificate could not be verified (either omitted or unsupported). UnityTls error code: 7
Curl error 35: Cert verify failed. Certificate could not be verified (either omitted or unsupported). UnityTls error code: 7
Curl error 35: Cert verify failed. Certificate could not be verified (either omitted or unsupported). UnityTls error code: 7
Curl error 35: Cert verify failed. Certificate could not be verified (either omitted or unsupported). UnityTls error code: 7
Curl error 35: Cert verify failed. Certificate could not be verified (either omitted or unsupported). UnityTls error code: 7
Curl error 35: Cert verify failed. Certificate could not be verified (either omitted or unsupported). UnityTls error code: 7
Curl error 35: Cert verify failed. Certificate could not be verified (either omitted or unsupported). UnityTls error code: 7
Curl error 35: Cert verify failed. Certificate could not be verified (either omitted or unsupported). UnityTls error code: 7
Curl error 35: Cert verify failed. Certificate could not be verified (either omitted or unsupported). UnityTls error code: 7
Curl error 35: Cert verify failed. Certificate could not be verified (either omitted or unsupported). UnityTls error code: 7
Curl error 35: Cert verify failed. Certificate could not be verified (either omitted or unsupported). UnityTls error code: 7
Curl error 35: Cert verify failed. Certificate could not be verified (either omitted or unsupported). UnityTls error code: 7
Curl error 35: Cert verify failed. Certificate could not be verified (either omitted or unsupported). UnityTls error code: 7
Curl error 35: Cert verify failed. Certificate could not be verified (either omitted or unsupported). UnityTls error code: 7
Curl error 35: Cert verify failed. Certificate could not be verified (either omitted or unsupported). UnityTls error code: 7
Curl error 35: Cert verify failed. Certificate could not be verified (either omitted or unsupported). UnityTls error code: 7
Curl error 35: Cert verify failed. Certificate could not be verified (either omitted or unsupported). UnityTls error code: 7
Curl error 35: Cert verify failed. Certificate could not be verified (either omitted or unsupported). UnityTls error code: 7
Curl error 35: Cert verify failed. Certificate could not be verified (either omitted or unsupported). UnityTls error code: 7
Curl error 35: Cert verify failed. Certificate could not be verified (either omitted or unsupported). UnityTls error code: 7
Curl error 35: Cert verify failed. Certificate could not be verified (either omitted or unsupported). UnityTls error code: 7
Curl error 35: Cert verify failed. Certificate could not be verified (either omitted or unsupported). UnityTls error code: 7
Curl error 35: Cert verify failed. Certificate could not be verified (either omitted or unsupported). UnityTls error code: 7
Curl error 35: Cert verify failed. Certificate could not be verified (either omitted or unsupported). UnityTls error code: 7
Curl error 35: Cert verify failed. Certificate could not be verified (either omitted or unsupported). UnityTls error code: 7
Curl error 35: Cert verify failed. Certificate could not be verified (either omitted or unsupported). UnityTls error code: 7
Curl error 35: Cert verify failed. Certificate could not be verified (either omitted or unsupported). UnityTls error code: 7
Curl error 35: Cert verify failed. Certificate could not be verified (either omitted or unsupported). UnityTls error code: 7
Curl error 35: Cert verify failed. Certificate could not be verified (either omitted or unsupported). UnityTls error code: 7
Curl error 35: Cert verify failed. Certificate could not be verified (either omitted or unsupported). UnityTls error code: 7
Curl error 35: Cert verify failed. Certificate could not be verified (either omitted or unsupported). UnityTls error code: 7
Curl error limit reached: 100 consecutive messages printed
[Licensing::Client] Successfully resolved entitlement details
[ScriptCompilation] Requested script compilation because: Assetdatabase observed changes in script compilation related files
AssetDatabase: script compilation time: 0.005764s
[Licensing::Client] Successfully resolved entitlement details
Starting: E:\2022.3.62f3c1\Editor\Data\bee_backend.exe --ipc --defer-dag-verification --dagfile="Library/Bee/1900b0aE.dag" --continue-on-failure --profile="Library/Bee/backend1.traceevents" ScriptAssemblies
WorkingDir: E:/AI/project/SimulatedShooting
ExitCode: 0 Duration: 1s770ms
[ 780/1023  0s] ILPP-Configuration Library/ilpp-configuration.nevergeneratedoutput
[1015/1023  1s] Csc Library/Bee/artifacts/1900b0aE.dag/SimulatedShooting.Editor.dll (+2 others)
[1016/1023  0s] ILPostProcess Library/Bee/artifacts/1900b0aE.dag/post-processed/SimulatedShooting.Editor.dll (+pdb)
Processing assembly Library/Bee/artifacts/1900b0aE.dag/SimulatedShooting.Editor.dll, with 122 defines and 229 references

processors: zzzUnity.Burst.CodeGen.BurstILPostProcessor

running zzzUnity.Burst.CodeGen.BurstILPostProcessor
[1017/1023  0s] CopyFiles Library/ScriptAssemblies/SimulatedShooting.Editor.pdb
[1018/1023  0s] CopyFiles Library/ScriptAssemblies/SimulatedShooting.Editor.dll
[1019/1023  0s] Csc Library/Bee/artifacts/1900b0aE.dag/Assembly-CSharp.dll (+2 others)
[1020/1023  0s] ILPostProcess Library/Bee/artifacts/1900b0aE.dag/post-processed/Assembly-CSharp.dll (+pdb)
Processing assembly Library/Bee/artifacts/1900b0aE.dag/Assembly-CSharp.dll, with 124 defines and 280 references

processors: zzzUnity.Burst.CodeGen.BurstILPostProcessor

running zzzUnity.Burst.CodeGen.BurstILPostProcessor
[1021/1023  0s] CopyFiles Library/ScriptAssemblies/Assembly-CSharp.pdb
[1022/1023  0s] CopyFiles Library/ScriptAssemblies/Assembly-CSharp.dll
*** Tundra build success (1.72 seconds), 9 items updated, 1023 evaluated
Reloading assemblies after forced synchronous recompile.
Begin MonoManager ReloadAssembly
- Loaded All Assemblies, in  1.387 seconds
Start importing Assets/SimulatedShooting/Editor/ZeroingRangeSceneBuilder.cs using Guid(4fca972209cfb6247b4bb8f6fba670ec) Importer(-1,00000000000000000000000000000000) [PhysX] Initialized MultithreadedTaskDispatcher with 20 workers.
 -> (artifact id: 'bfa08847f3ef2858d9a278a6b75024ba') in 0.016036 seconds
Refreshing native plugins compatible for Editor in 12.11 ms, found 13 plugins.
Native extension for WindowsStandalone target not found
[MODES] ModeService[none].Initialize
[MODES] ModeService[none].LoadModes
[MODES] Loading mode Default (0) for mode-current-id-VR
[PhysX] Initialized MultithreadedTaskDispatcher with 20 workers.
Mono: successfully reloaded assembly
- Finished resetting the current domain, in  1.721 seconds
Domain Reload Profiling: 3116ms
	BeginReloadAssembly (1188ms)
		ExecutionOrderSort (2ms)
		DisableScriptedObjects (114ms)
		BackupInstance (0ms)
		ReleaseScriptingObjects (2ms)
		CreateAndSetChildDomain (577ms)
	RebuildCommonClasses (24ms)
	RebuildNativeTypeToScriptingClass (9ms)
	initialDomainReloadingComplete (23ms)
	LoadAllAssembliesAndSetupDomain (152ms)
		LoadAssemblies (189ms)
		RebuildTransferFunctionScriptingTraits (0ms)
		AnalyzeDomain (65ms)
			TypeCache.Refresh (16ms)
				TypeCache.ScanAssembly (1ms)
			ScanForSourceGeneratedMonoScriptInfo (34ms)
			ResolveRequiredComponents (13ms)
	FinalizeReload (1721ms)
		ReleaseScriptCaches (0ms)
		RebuildScriptCaches (0ms)
		SetupLoadedEditorAssemblies (875ms)
			LogAssemblyErrors (0ms)
			InitializePlatformSupportModulesInManaged (4ms)
			SetLoadedEditorAssemblies (4ms)
			RefreshPlugins (0ms)
			BeforeProcessingInitializeOnLoad (182ms)
			ProcessInitializeOnLoadAttributes (582ms)
			ProcessInitializeOnLoadMethodAttributes (101ms)
			AfterProcessingInitializeOnLoad (2ms)
			EditorAssembliesLoaded (0ms)
		ExecutionOrderSort2 (1ms)
		AwakeInstancesAfterBackupRestoration (408ms)
Start importing Assets/Scenes/ZeroingRangeScene.unity using Guid(693fcff55b1a9e14ca485ca7b1e9ca68) Importer(-1,00000000000000000000000000000000) [PhysX] Initialized MultithreadedTaskDispatcher with 20 workers.
 -> (artifact id: 'c318cf5d78eb47864fe0990752dd6af2') in 0.001922 seconds
Refreshing native plugins compatible for Editor in 11.65 ms, found 13 plugins.
Preloading 1 native plugins for Editor in 0.13 ms.
Asset Pipeline Refresh (id=cf5c7018a400851419b0fd9abd79a07a): Total: 6.243 seconds - Initiated by RefreshV2(AllowForceSynchronousImport)
	Summary:
		Imports: total=0 (actual=0, local cache=0, cache server=0)
		Asset DB Process Time: managed=3 ms, native=548 ms
		Asset DB Callback time: managed=120 ms, native=20 ms
		Scripting: domain reloads=1, domain reload time=3156 ms, compile time=2395 ms, other=0 ms
		Project Asset Count: scripts=8403, non-scripts=2283
		Asset File Changes: new=0, changed=2, moved=0, deleted=0
		Scan Filter Count: 0
	InvokeBeforeRefreshCallbacks: 1.025ms
	ApplyChangesToAssetFolders: 1.531ms
	Scan: 4.813ms
	OnSourceAssetsModified: 2.219ms
	GetAllGuidsForCategorization: 1.699ms
	CategorizeAssets: 230.749ms
	ImportOutOfDateAssets: 1799.885ms (-641.024ms without children)
		ImportManagerImport: 27.875ms (8.822ms without children)
			ImportInProcess: 19.054ms
		CompileScripts: 2395.363ms
		CollectScriptTypesHashes: 4.432ms
		ReloadNativeAssets: 1.031ms
		UnloadImportedAssets: 1.260ms
		ReloadImportedAssets: 0.452ms
		EnsureUptoDateAssetsAreRegisteredWithGuidPM: 4.526ms
		InitializingProgressBar: 0.091ms
		PostProcessAllAssetNotificationsAddChangedAssets: 0.002ms
		OnDemandSchedulerStart: 5.875ms
	PostProcessAllAssets: 120.653ms
	Hotreload: 16.339ms
	GatherAllCurrentPrimaryArtifactRevisions: 4.515ms
	UnloadStreamsBegin: 4.041ms
	PersistCurrentRevisions: 0.674ms
	UnloadStreamsEnd: 0.113ms
	GenerateScriptTypeHashes: 5.763ms
	Untracked: 4055.084ms
Asset Pipeline Refresh (id=c09fc8c9ab1cb3c46837cc870c2a36bf): Total: 0.009 seconds - Initiated by RefreshV2(AllowForceSynchronousImport)
[Licensing::Client] Successfully resolved entitlement details
IPCStream (Upm-23620): IPC stream failed to read (Not connected)
TcpMessagingSession - receive error
[OnDemand] Worker 2: WorkerState(Connected), ImporterState(Idle) session transport - while handling artifactKey Guid(00000000000000000000000000000000) Importer(-2,00000000000000000000000000000000) - path  - see Logs/AssetImportWorker2.log
TcpMessagingSession - receive error
[OnDemand] Worker 0: WorkerState(Connected), ImporterState(Idle) session transport - while handling artifactKey Guid(00000000000000000000000000000000) Importer(-2,00000000000000000000000000000000) - path  - see Logs/AssetImportWorker0.log
IPCStream (hubIPCService): IPC stream failed to read (Not connected)
[LAYOUT] About to save layout E:\AI\project\SimulatedShooting\UserSettings\Layouts\default-2022.dwlt
[LAYOUT] About to save layout C:/Users/Lenovo/AppData/Roaming/Unity/Editor-5.x/Preferences\Layouts\current\default-2022.dwlt
Start importing Assets/XR/Settings/Open XR Package Settings.asset using Guid(a9a6963505ddf7f4d886008c6dc86122) Importer(-1,00000000000000000000000000000000) [PhysX] Initialized MultithreadedTaskDispatcher with 20 workers.
 -> (artifact id: '0ff0cd677b033b4aa5a57bcdb362c36e') in 0.005140 seconds
Refreshing native plugins compatible for Editor in 9.83 ms, found 13 plugins.
Preloading 1 native plugins for Editor in 0.12 ms.
Asset Pipeline Refresh (id=7e1844a62ec7a7d4b82a6540e21210f9): Total: 0.086 seconds - Initiated by StopAssetImportingV2(NoUpdateAssetOptions)
[PhysX] Initialized MultithreadedTaskDispatcher with 20 workers.
[PhysX] Initialized MultithreadedTaskDispatcher with 20 workers.
Input System module state changed to: ShutdownInProgress.
Input System polling thread exited.
Input System module state changed to: Shutdown.
Cleanup mono
[Performance] WinEditorMain                                                                                                                                                                                                                                              :        1 samples, Peak.  6.11 s (1.0x), Avg.  6.11 s, Total. 6.115 s (0.1%)
[Performance] WinEditorMain.ConfigureCrashHandler                                                                                                                                                                                                                        :        1 samples, Peak.  16.7 us (1.0x), Avg.  16.7 us, Total. 16.70 us (0.0%)
[Performance] WinEditorMain.CurlRequestInitialize                                                                                                                                                                                                                        :        1 samples, Peak.   735 us (1.0x), Avg.   735 us, Total. 735.1 us (0.0%)
[Performance] WinEditorMain.SetupLogFile                                                                                                                                                                                                                                 :        1 samples, Peak.   268 us (1.0x), Avg.   268 us, Total. 267.6 us (0.0%)
[Performance] WinEditorMain.RunNativeTestsIfRequiredAndExit                                                                                                                                                                                                              :        1 samples, Peak.   200 ns (1.0x), Avg.   200 ns, Total. 200.0 ns (0.0%)
[Performance] WinEditorMain.Licensing                                                                                                                                                                                                                                    :        1 samples, Peak.  6.09 s (1.0x), Avg.  6.09 s, Total. 6.088 s (0.1%)
[Performance] WinEditorMain.InitializeCrashHandler                                                                                                                                                                                                                       :        1 samples, Peak.  22.7 ms (1.0x), Avg.  22.7 ms, Total. 22.68 ms (0.0%)
[Performance] WinEditorMain.CreateApplication                                                                                                                                                                                                                            :        1 samples, Peak.   336 us (1.0x), Avg.   336 us, Total. 335.9 us (0.0%)
[Performance] Application.InitializeProject                                                                                                                                                                                                                              :        1 samples, Peak.  11.4 s (1.0x), Avg.  11.4 s, Total. 11.37 s (0.3%)
[Performance] Application.PackageManager.StartServer                                                                                                                                                                                                                     :        1 samples, Peak.  4.81 ms (1.0x), Avg.  4.81 ms, Total. 4.810 ms (0.0%)
[Performance] Application.AcquireProjectLock                                                                                                                                                                                                                             :        1 samples, Peak.  5.96 ms (1.0x), Avg.  5.96 ms, Total. 5.964 ms (0.0%)
[Performance] Application.InitializeEngineNoGraphics                                                                                                                                                                                                                     :        1 samples, Peak.  51.9 ms (1.0x), Avg.  51.9 ms, Total. 51.92 ms (0.0%)
[Performance] Application.PackageManager.Initialize                                                                                                                                                                                                                      :        1 samples, Peak.   374 ms (1.0x), Avg.   374 ms, Total. 373.8 ms (0.0%)
[Performance] Connecting to Package Manager                                                                                                                                                                                                                              :       38 samples, Peak.  79.5 us (18.2x), Avg.  4.37 us, Total. 165.9 us (0.0%)
[Performance] Application.EngineGraphics.Initialize                                                                                                                                                                                                                      :        1 samples, Peak.   222 ms (1.0x), Avg.   222 ms, Total. 222.0 ms (0.0%)
[Performance] Application.GI.Initialize                                                                                                                                                                                                                                  :        1 samples, Peak.  4.23 ms (1.0x), Avg.  4.23 ms, Total. 4.232 ms (0.0%)
[Performance] Application.LoadAllDefaultResourcesFromEditor                                                                                                                                                                                                              :        1 samples, Peak.  2.45 ms (1.0x), Avg.  2.45 ms, Total. 2.451 ms (0.0%)
[Performance] Application.LoadMonoAssemblies                                                                                                                                                                                                                             :        1 samples, Peak.   559 ms (1.0x), Avg.   559 ms, Total. 559.1 ms (0.0%)
[Performance] RestoreManagedReferences                                                                                                                                                                                                                                   :       10 samples, Peak.   309 ms (1.5x), Avg.   211 ms, Total. 2.108 s (0.1%)
[Performance] InitializeOnLoad DrivenRectTransformUndo                                                                                                                                                                                                                   :       10 samples, Peak.   391 us (1.2x), Avg.   337 us, Total. 3.368 ms (0.0%)
[Performance] InitializeOnLoad SceneSearch                                                                                                                                                                                                                               :       10 samples, Peak.   232 us (2.0x), Avg.   119 us, Total. 1.190 ms (0.0%)
[Performance] InitializeOnLoad CloudBuild                                                                                                                                                                                                                                :       10 samples, Peak.  6.00 us (1.5x), Avg.  4.10 us, Total. 41.00 us (0.0%)
[Performance] InitializeOnLoad NativeFormatImporterUtility                                                                                                                                                                                                               :       10 samples, Peak.  2.89 ms (1.6x), Avg.  1.77 ms, Total. 17.68 ms (0.0%)
[Performance] InitializeOnLoad SearchService                                                                                                                                                                                                                             :       10 samples, Peak.   728 us (4.1x), Avg.   179 us, Total. 1.786 ms (0.0%)
[Performance] InitializeOnLoad SettingsService                                                                                                                                                                                                                           :       10 samples, Peak.  10.4 us (1.1x), Avg.  9.31 us, Total. 93.10 us (0.0%)
[Performance] InitializeOnLoad WindowLayout                                                                                                                                                                                                                              :       10 samples, Peak.  1.13 ms (5.6x), Avg.   201 us, Total. 2.008 ms (0.0%)
[Performance] InitializeOnLoad AssetStoreContext                                                                                                                                                                                                                         :       10 samples, Peak.  24.7 ms (3.9x), Avg.  6.41 ms, Total. 64.15 ms (0.0%)
[Performance] InitializeOnLoad PoolManager                                                                                                                                                                                                                               :       10 samples, Peak.   748 us (4.3x), Avg.   174 us, Total. 1.740 ms (0.0%)
[Performance] InitializeOnLoad MixerEffectDefinitionReloader                                                                                                                                                                                                             :       10 samples, Peak.  2.52 ms (1.5x), Avg.  1.72 ms, Total. 17.16 ms (0.0%)
[Performance] InitializeOnLoad ProjectSearch                                                                                                                                                                                                                             :       10 samples, Peak.   124 us (1.8x), Avg.  67.2 us, Total. 672.1 us (0.0%)
[Performance] InitializeOnLoad UISystemProfilerRenderService                                                                                                                                                                                                             :       10 samples, Peak.  14.3 us (1.7x), Avg.  8.49 us, Total. 84.90 us (0.0%)
[Performance] InitializeOnLoad EditMode                                                                                                                                                                                                                                  :       10 samples, Peak.   580 us (1.4x), Avg.   401 us, Total. 4.005 ms (0.0%)
[Performance] InitializeOnLoad UnityConnect                                                                                                                                                                                                                              :       10 samples, Peak.  75.0 us (1.7x), Avg.  45.2 us, Total. 452.2 us (0.0%)
[Performance] InitializeOnLoad ManagedDebugger                                                                                                                                                                                                                           :       10 samples, Peak.   724 us (4.2x), Avg.   172 us, Total. 1.721 ms (0.0%)
[Performance] InitializeOnLoad ShortcutIntegration                                                                                                                                                                                                                       :       10 samples, Peak.  91.6 us (1.8x), Avg.  49.9 us, Total. 499.4 us (0.0%)
[Performance] InitializeOnLoad AddComponentWindow                                                                                                                                                                                                                        :       10 samples, Peak.   934 us (5.2x), Avg.   180 us, Total. 1.803 ms (0.0%)
[Performance] InitializeOnLoad ManagedDebuggerWindow                                                                                                                                                                                                                     :       10 samples, Peak.   187 us (1.7x), Avg.   107 us, Total. 1.070 ms (0.0%)
[Performance] InitializeOnLoad CacheServerWindow                                                                                                                                                                                                                         :       10 samples, Peak.  22.3 us (2.4x), Avg.  9.34 us, Total. 93.40 us (0.0%)
[Performance] InitializeOnLoad PlayModeDownload                                                                                                                                                                                                                          :       10 samples, Peak.  5.74 ms (7.5x), Avg.   763 us, Total. 7.626 ms (0.0%)
[Performance] InitializeOnLoad MenuItems                                                                                                                                                                                                                                 :       10 samples, Peak.   141 us (1.7x), Avg.  81.0 us, Total. 810.2 us (0.0%)
[Performance] InitializeOnLoad PrefabInstanceChangedListener                                                                                                                                                                                                             :       10 samples, Peak.   211 us (1.7x), Avg.   122 us, Total. 1.224 ms (0.0%)
[Performance] InitializeOnLoad ObjectSelectorSearch                                                                                                                                                                                                                      :       10 samples, Peak.   136 us (3.0x), Avg.  45.8 us, Total. 458.2 us (0.0%)
[Performance] InitializeOnLoad EditorMonitor                                                                                                                                                                                                                             :       10 samples, Peak.  1.08 ms (1.9x), Avg.   572 us, Total. 5.720 ms (0.0%)
[Performance] InitializeOnLoad RetainedMode                                                                                                                                                                                                                              :       10 samples, Peak.  3.42 ms (1.7x), Avg.  1.99 ms, Total. 19.92 ms (0.0%)
[Performance] InitializeOnLoad EditorShaderLoader                                                                                                                                                                                                                        :       10 samples, Peak.  1.06 ms (1.8x), Avg.   594 us, Total. 5.939 ms (0.0%)
[Performance] InitializeOnLoad EditorDelegateRegistration                                                                                                                                                                                                                :       10 samples, Peak.   657 us (1.4x), Avg.   457 us, Total. 4.573 ms (0.0%)
[Performance] InitializeOnLoad UIDocumentHierarchyWatcher                                                                                                                                                                                                                :       10 samples, Peak.  91.6 us (1.3x), Avg.  69.0 us, Total. 690.4 us (0.0%)
[Performance] InitializeOnLoad LiveReloadTrackerCreator                                                                                                                                                                                                                  :       10 samples, Peak.   446 us (2.4x), Avg.   185 us, Total. 1.850 ms (0.0%)
[Performance] InitializeOnLoad UxmlObjectEditorFactories                                                                                                                                                                                                                 :       10 samples, Peak.   563 us (1.1x), Avg.   499 us, Total. 4.986 ms (0.0%)
[Performance] InitializeOnLoad UXMLEditorFactories                                                                                                                                                                                                                       :       10 samples, Peak.  49.5 ms (1.1x), Avg.  46.4 ms, Total. 464.3 ms (0.0%)
[Performance] InitializeOnLoad PurchasingService                                                                                                                                                                                                                         :       10 samples, Peak.  6.19 ms (1.1x), Avg.  5.68 ms, Total. 56.79 ms (0.0%)
[Performance] InitializeOnLoad CloudBuildPoller                                                                                                                                                                                                                          :       10 samples, Peak.   116 us (1.2x), Avg.  99.3 us, Total. 993.2 us (0.0%)
[Performance] InitializeOnLoad EditorGameServicesAnalytics                                                                                                                                                                                                               :       10 samples, Peak.  2.71 ms (5.1x), Avg.   535 us, Total. 5.347 ms (0.0%)
[Performance] InitializeOnLoad AnalyticsService                                                                                                                                                                                                                          :       10 samples, Peak.   179 us (1.2x), Avg.   149 us, Total. 1.490 ms (0.0%)
[Performance] InitializeOnLoad BuildService                                                                                                                                                                                                                              :       10 samples, Peak.   185 us (1.6x), Avg.   118 us, Total. 1.183 ms (0.0%)
[Performance] InitializeOnLoad AdsService                                                                                                                                                                                                                                :       10 samples, Peak.   580 us (1.6x), Avg.   363 us, Total. 3.626 ms (0.0%)
[Performance] InitializeOnLoad UDPService                                                                                                                                                                                                                                :       10 samples, Peak.   137 us (1.1x), Avg.   121 us, Total. 1.209 ms (0.0%)
[Performance] InitializeOnLoad CrashService                                                                                                                                                                                                                              :       10 samples, Peak.   151 us (1.4x), Avg.   109 us, Total. 1.093 ms (0.0%)
[Performance] InitializeOnLoad ServicesRepository                                                                                                                                                                                                                        :       10 samples, Peak.  1.10 us (2.9x), Avg.   380 ns, Total. 3.800 us (0.0%)
[Performance] InitializeOnLoad SearchWindow                                                                                                                                                                                                                              :       10 samples, Peak.   154 us (1.2x), Avg.   126 us, Total. 1.257 ms (0.0%)
[Performance] InitializeOnLoad CustomIndexers                                                                                                                                                                                                                            :       10 samples, Peak.  16.5 ms (1.4x), Avg.  11.9 ms, Total. 119.0 ms (0.0%)
[Performance] InitializeOnLoad SearchMonitor                                                                                                                                                                                                                             :       10 samples, Peak.  8.09 ms (1.8x), Avg.  4.59 ms, Total. 45.89 ms (0.0%)
[Performance] InitializeOnLoad ParameterControllerEditor                                                                                                                                                                                                                 :       10 samples, Peak.  47.6 us (2.2x), Avg.  22.0 us, Total. 219.6 us (0.0%)
[Performance] InitializeOnLoad LayerSettingsWindow                                                                                                                                                                                                                       :       10 samples, Peak.  66.1 us (2.1x), Avg.  30.8 us, Total. 307.9 us (0.0%)
[Performance] InitializeOnLoad PackageManagerHookGUIDConverter.RegisterPackagesEventHandler                                                                                                                                                                              :       10 samples, Peak.   742 us (5.7x), Avg.   129 us, Total. 1.294 ms (0.0%)
[Performance] InitializeOnLoad EditorDragAndDrop.RegisterEditorClient                                                                                                                                                                                                    :       10 samples, Peak.   549 us (2.0x), Avg.   275 us, Total. 2.754 ms (0.0%)
[Performance] InitializeOnLoad EditorEventCallbacks.InitializeFontAssetResourceChangeCallBacks                                                                                                                                                                           :       10 samples, Peak.  1.00 ms (1.7x), Avg.   574 us, Total. 5.738 ms (0.0%)
[Performance] InitializeOnLoad SceneTemplateService.Init                                                                                                                                                                                                                 :       10 samples, Peak.   915 us (1.2x), Avg.   756 us, Total. 7.557 ms (0.0%)
[Performance] InitializeOnLoad DiagnosticSwitchesConsoleMessage.Init                                                                                                                                                                                                     :       10 samples, Peak.  11.2 ms (2.1x), Avg.  5.32 ms, Total. 53.16 ms (0.0%)
[Performance] InitializeOnLoad MemoryProfilerCompilationGuard.InjectCompileGuard                                                                                                                                                                                         :       10 samples, Peak.   199 us (1.7x), Avg.   115 us, Total. 1.147 ms (0.0%)
[Performance] InitializeOnLoad EditorWindow.Initialize                                                                                                                                                                                                                   :       10 samples, Peak.   354 us (1.8x), Avg.   196 us, Total. 1.964 ms (0.0%)
[Performance] InitializeOnLoad AssetPostprocessingInternal.RefreshCustomDependencies                                                                                                                                                                                     :       10 samples, Peak.  3.06 ms (1.3x), Avg.  2.27 ms, Total. 22.70 ms (0.0%)
[Performance] InitializeOnLoad SysrootManager.Initialize                                                                                                                                                                                                                 :       10 samples, Peak.   587 us (1.3x), Avg.   447 us, Total. 4.469 ms (0.0%)
[Performance] InitializeOnLoad PackageManagerWindow.EditorInitializedInSafeMode                                                                                                                                                                                          :       10 samples, Peak.  26.4 ms (9.5x), Avg.  2.79 ms, Total. 27.93 ms (0.0%)
[Performance] InitializeOnLoad ToolShortcutContext.Init                                                                                                                                                                                                                  :       10 samples, Peak.   137 us (1.2x), Avg.   117 us, Total. 1.167 ms (0.0%)
[Performance] InitializeOnLoad SceneVisibilityManager.Initialize                                                                                                                                                                                                         :       10 samples, Peak.  5.05 ms (4.5x), Avg.  1.13 ms, Total. 11.29 ms (0.0%)
[Performance] InitializeOnLoad ScopedRegistryAddedPopup.SubscribeToRegistriesAdded                                                                                                                                                                                       :       10 samples, Peak.  11.6 ms (1.7x), Avg.  7.01 ms, Total. 70.12 ms (0.0%)
[Performance] AssemblyReloadEvents.afterAssemblyReload: UnityEditor.SceneTemplate.SceneTemplateService.AfterAssemblyReload                                                                                                                                               :       10 samples, Peak.  4.00 ms (1.5x), Avg.  2.64 ms, Total. 26.39 ms (0.0%)
[Performance] ProcessService.EditorAfterLoadAllAssemblies                                                                                                                                                                                                                :       10 samples, Peak.   517 us (1.4x), Avg.   370 us, Total. 3.700 ms (0.0%)
[Performance] Application.ReadLicenseInfo                                                                                                                                                                                                                                :        1 samples, Peak.  15.6 ms (1.0x), Avg.  15.6 ms, Total. 15.58 ms (0.0%)
[Performance] Application.InitialRefresh                                                                                                                                                                                                                                 :        1 samples, Peak.  8.82 s (1.0x), Avg.  8.82 s, Total. 8.819 s (0.2%)
[Performance] ShaderImporter.SourceAssetModified                                                                                                                                                                                                                         :       22 samples, Peak.  11.6 us (8.3x), Avg.  1.39 us, Total. 30.60 us (0.0%)
[Performance] ShaderIncludeImporter.SourceAssetModified                                                                                                                                                                                                                  :       22 samples, Peak.  14.3 us (5.5x), Avg.  2.62 us, Total. 57.60 us (0.0%)
[Performance] Compiling Scripts                                                                                                                                                                                                                                          :        5 samples, Peak.  3.27 s (1.6x), Avg.  2.02 s, Total. 10.12 s (0.2%)
[Performance] AssemblyReloadEvents.beforeAssemblyReload: UnityEditor.SceneTemplate.SceneTemplateService.BeforeAssemblyReload                                                                                                                                             :        9 samples, Peak.   740 us (2.2x), Avg.   330 us, Total. 2.973 ms (0.0%)
[Performance] PresetManagerPostProcessor.OnPreprocessAsset                                                                                                                                                                                                               :       48 samples, Peak.  1.27 ms (9.5x), Avg.   134 us, Total. 6.452 ms (0.0%)
[Performance] CancelSplashScreenOnAssetChange.OnPreprocessAsset                                                                                                                                                                                                          :       48 samples, Peak.   147 us (8.5x), Avg.  17.3 us, Total. 830.0 us (0.0%)
[Performance] ShaderGraphAssetPostProcessor.OnPreprocessAsset                                                                                                                                                                                                            :       48 samples, Peak.   225 us (11.3x), Avg.  19.9 us, Total. 955.6 us (0.0%)
[Performance] InitializeOnLoad TouchSimulation                                                                                                                                                                                                                           :        9 samples, Peak.   193 us (1.5x), Avg.   131 us, Total. 1.180 ms (0.0%)
[Performance] InitializeOnLoad InputSystem                                                                                                                                                                                                                               :        9 samples, Peak.   115 ms (1.1x), Avg. 100.0 ms, Total. 899.7 ms (0.0%)
[Performance] InitializeOnLoad EnableUITKEditor                                                                                                                                                                                                                          :        9 samples, Peak.  73.5 us (2.2x), Avg.  33.6 us, Total. 302.3 us (0.0%)
[Performance] InitializeOnLoad InputSystemUIInputModuleEditor                                                                                                                                                                                                            :        9 samples, Peak.   142 us (1.3x), Avg.   107 us, Total. 959.3 us (0.0%)
[Performance] InitializeOnLoad BurstLoader                                                                                                                                                                                                                               :        9 samples, Peak.  1.60 s (8.5x), Avg.   187 ms, Total. 1.685 s (0.0%)
[Performance] InitializeOnLoad ShadowCasterGroup2DManager                                                                                                                                                                                                                :        9 samples, Peak.  91.7 us (1.3x), Avg.  69.6 us, Total. 626.4 us (0.0%)
[Performance] InitializeOnLoad ScriptableSettingsInitializer                                                                                                                                                                                                             :        9 samples, Peak.   254 us (1.6x), Avg.   157 us, Total. 1.412 ms (0.0%)
[Performance] InitializeOnLoad BuildValidator                                                                                                                                                                                                                            :        9 samples, Peak.   613 us (2.1x), Avg.   291 us, Total. 2.615 ms (0.0%)
[Performance] InitializeOnLoad XRGeneralSettingsPerBuildTarget                                                                                                                                                                                                           :        9 samples, Peak.   369 us (8.9x), Avg.  41.5 us, Total. 373.9 us (0.0%)
[Performance] InitializeOnLoad XRPackageMetadataStore                                                                                                                                                                                                                    :        9 samples, Peak.   305 us (1.3x), Avg.   239 us, Total. 2.149 ms (0.0%)
[Performance] InitializeOnLoad XRPackageInitializationBootstrap                                                                                                                                                                                                          :        9 samples, Peak.  47.3 us (1.2x), Avg.  37.9 us, Total. 341.2 us (0.0%)
[Performance] InitializeOnLoad XRLegacyUninstaller                                                                                                                                                                                                                       :        9 samples, Peak.  6.85 ms (1.1x), Avg.  6.15 ms, Total. 55.32 ms (0.0%)
[Performance] InitializeOnLoad SectorInteraction                                                                                                                                                                                                                         :        9 samples, Peak.   456 us (1.3x), Avg.   364 us, Total. 3.273 ms (0.0%)
[Performance] InitializeOnLoad QuaternionFallbackComposite                                                                                                                                                                                                               :        9 samples, Peak.   122 us (1.2x), Avg.  98.3 us, Total. 884.4 us (0.0%)
[Performance] InitializeOnLoad SimulatedInputLayoutLoader                                                                                                                                                                                                                :        9 samples, Peak.   825 us (1.3x), Avg.   656 us, Total. 5.904 ms (0.0%)
[Performance] InitializeOnLoad Vector3FallbackComposite                                                                                                                                                                                                                  :        9 samples, Peak.  74.0 us (1.1x), Avg.  66.7 us, Total. 600.1 us (0.0%)
[Performance] InitializeOnLoad IntegerFallbackComposite                                                                                                                                                                                                                  :        9 samples, Peak.  64.9 us (1.4x), Avg.  46.2 us, Total. 415.8 us (0.0%)
[Performance] InitializeOnLoad ButtonFallbackComposite                                                                                                                                                                                                                   :        9 samples, Peak.  51.4 us (1.3x), Avg.  40.2 us, Total. 362.2 us (0.0%)
[Performance] InitializeOnLoad BuildHelperUtils                                                                                                                                                                                                                          :        9 samples, Peak.  19.2 us (2.1x), Avg.  9.17 us, Total. 82.50 us (0.0%)
[Performance] InitializeOnLoad BackgroundWatcher                                                                                                                                                                                                                         :        9 samples, Peak.   200 us (1.9x), Avg.   108 us, Total. 974.0 us (0.0%)
[Performance] InitializeOnLoad UnityTestProtocolStarter                                                                                                                                                                                                                  :        9 samples, Peak.   476 us (1.8x), Avg.   267 us, Total. 2.403 ms (0.0%)
[Performance] InitializeOnLoad TestStarter                                                                                                                                                                                                                               :        9 samples, Peak.   562 us (1.2x), Avg.   457 us, Total. 4.117 ms (0.0%)
[Performance] InitializeOnLoad RerunCallbackInitializer                                                                                                                                                                                                                  :        9 samples, Peak.  2.89 ms (1.5x), Avg.  1.88 ms, Total. 16.95 ms (0.0%)
[Performance] InitializeOnLoad RiderScriptEditor                                                                                                                                                                                                                         :        9 samples, Peak.  7.66 ms (1.1x), Avg.  6.87 ms, Total. 61.79 ms (0.0%)
[Performance] InitializeOnLoad CallbackInitializer                                                                                                                                                                                                                       :        9 samples, Peak.  1.25 ms (5.6x), Avg.   222 us, Total. 1.995 ms (0.0%)
[Performance] InitializeOnLoad ProbeGIBaking                                                                                                                                                                                                                             :        9 samples, Peak.  2.49 ms (1.3x), Avg.  1.86 ms, Total. 16.72 ms (0.0%)
[Performance] InitializeOnLoad FilterWindow                                                                                                                                                                                                                              :        9 samples, Peak.  59.9 us (1.7x), Avg.  35.9 us, Total. 323.0 us (0.0%)
[Performance] InitializeOnLoad RealtimeProbeSubdivisionDebug                                                                                                                                                                                                             :        9 samples, Peak.   779 us (1.7x), Avg.   467 us, Total. 4.200 ms (0.0%)
[Performance] InitializeOnLoad XRIAnalytics                                                                                                                                                                                                                              :        9 samples, Peak.   839 us (1.6x), Avg.   526 us, Total. 4.731 ms (0.0%)
[Performance] InitializeOnLoad InputLayoutLoader                                                                                                                                                                                                                         :        9 samples, Peak.  1.18 ms (1.4x), Avg.   849 us, Total. 7.638 ms (0.0%)
[Performance] InitializeOnLoad PlayModeHook                                                                                                                                                                                                                              :        9 samples, Peak.   844 us (1.2x), Avg.   683 us, Total. 6.143 ms (0.0%)
[Performance] InitializeOnLoad CoverageReporterStarter                                                                                                                                                                                                                   :        9 samples, Peak.  4.76 ms (1.3x), Avg.  3.76 ms, Total. 33.83 ms (0.0%)
[Performance] InitializeOnLoad PackageEntryPoint                                                                                                                                                                                                                         :        9 samples, Peak.   232 ms (1.2x), Avg.   198 ms, Total. 1.778 s (0.0%)
[Performance] InitializeOnLoad UIElementsHelper                                                                                                                                                                                                                          :        9 samples, Peak.  1.86 ms (2.2x), Avg.   825 us, Total. 7.425 ms (0.0%)
[Performance] InitializeOnLoad GenesisHelper                                                                                                                                                                                                                             :        9 samples, Peak.   493 us (1.3x), Avg.   367 us, Total. 3.304 ms (0.0%)
[Performance] InitializeOnLoad UserStartupCode                                                                                                                                                                                                                           :        9 samples, Peak.  2.82 ms (1.8x), Avg.  1.55 ms, Total. 13.99 ms (0.0%)
[Performance] InitializeOnLoad VSCodeScriptEditor                                                                                                                                                                                                                        :        9 samples, Peak.  8.99 ms (1.8x), Avg.  4.92 ms, Total. 44.30 ms (0.0%)
[Performance] InitializeOnLoad OculusEnterPlayModeSettingsCheck                                                                                                                                                                                                          :        9 samples, Peak.   226 us (1.4x), Avg.   165 us, Total. 1.483 ms (0.0%)
[Performance] InitializeOnLoad OculusProjectValidator                                                                                                                                                                                                                    :        9 samples, Peak.  2.59 ms (1.4x), Avg.  1.83 ms, Total. 16.51 ms (0.0%)
[Performance] InitializeOnLoad NodeClassCache                                                                                                                                                                                                                            :        9 samples, Peak.  19.8 us (2.3x), Avg.  8.78 us, Total. 79.00 us (0.0%)
[Performance] InitializeOnLoad ShaderGraphMaterialsUpdater                                                                                                                                                                                                               :       18 samples, Peak.   583 us (2.6x), Avg.   224 us, Total. 4.029 ms (0.0%)
[Performance] InitializeOnLoad Renderer2DAnalytics                                                                                                                                                                                                                       :        9 samples, Peak.   174 us (1.4x), Avg.   127 us, Total. 1.139 ms (0.0%)
[Performance] InitializeOnLoad EditorToolManager                                                                                                                                                                                                                         :        9 samples, Peak.  2.00 ms (4.5x), Avg.   442 us, Total. 3.979 ms (0.0%)
[Performance] InitializeOnLoad VSUsageUtility                                                                                                                                                                                                                            :        9 samples, Peak.  16.0 ms (6.3x), Avg.  2.56 ms, Total. 23.04 ms (0.0%)
[Performance] InitializeOnLoad VisualStudioEditor                                                                                                                                                                                                                        :        9 samples, Peak.  7.11 ms (1.3x), Avg.  5.67 ms, Total. 51.04 ms (0.0%)
[Performance] InitializeOnLoad TestRunnerApiListener                                                                                                                                                                                                                     :        9 samples, Peak.  6.08 ms (4.5x), Avg.  1.36 ms, Total. 12.20 ms (0.0%)
[Performance] InitializeOnLoad VisualStudioIntegration                                                                                                                                                                                                                   :        9 samples, Peak.  3.47 ms (1.7x), Avg.  2.06 ms, Total. 18.53 ms (0.0%)
[Performance] InitializeOnLoad PrefabLayoutRebuilder                                                                                                                                                                                                                     :        9 samples, Peak.   371 us (1.4x), Avg.   273 us, Total. 2.461 ms (0.0%)
[Performance] InitializeOnLoad UnityInternalsInjector                                                                                                                                                                                                                    :        9 samples, Peak.  1.63 ms (1.5x), Avg.  1.10 ms, Total. 9.917 ms (0.0%)
[Performance] InitializeOnLoad UVCSToolbarBoostrap                                                                                                                                                                                                                       :        9 samples, Peak.  91.8 ms (2.0x), Avg.  46.0 ms, Total. 414.0 ms (0.0%)
[Performance] InitializeOnLoad RenderPipelineValidation                                                                                                                                                                                                                  :        9 samples, Peak.   119 ms (1.5x), Avg.  77.2 ms, Total. 694.5 ms (0.0%)
[Performance] InitializeOnLoad OpenXRProjectValidationRulesSetup.OpenXRProjectValidationCheck                                                                                                                                                                            :        9 samples, Peak.  14.8 ms (1.9x), Avg.  7.95 ms, Total. 71.57 ms (0.0%)
[Performance] InitializeOnLoad OpenXRFeatureSetManager.InitializeOnLoad                                                                                                                                                                                                  :        9 samples, Peak.   303 us (1.2x), Avg.   254 us, Total. 2.286 ms (0.0%)
[Performance] InitializeOnLoad OpenXRChooseRuntimeLibraries.InitializeOnLoad                                                                                                                                                                                             :        9 samples, Peak.  4.41 ms (1.8x), Avg.  2.49 ms, Total. 22.39 ms (0.0%)
[Performance] InitializeOnLoad OculusLoader.EditorLoadOVRPlugin                                                                                                                                                                                                          :        9 samples, Peak.  5.42 ms (1.3x), Avg.  4.02 ms, Total. 36.17 ms (0.0%)
[Performance] InitializeOnLoad InputSystemPluginControl.CheckForExtension                                                                                                                                                                                                :        9 samples, Peak.  1.80 ms (1.3x), Avg.  1.38 ms, Total. 12.40 ms (0.0%)
[Performance] InitializeOnLoad InputSystemPackageControl.SubscribePackageManagerEvent                                                                                                                                                                                    :        9 samples, Peak.  71.4 us (1.1x), Avg.  62.3 us, Total. 560.4 us (0.0%)
[Performance] InitializeOnLoad VisualStudioEditor.LegacyVisualStudioCodePackageDisabler                                                                                                                                                                                  :        9 samples, Peak.  1.79 ms (1.3x), Avg.  1.36 ms, Total. 12.20 ms (0.0%)
[Performance] InitializeOnLoad MaterialReimporter.RegisterUpgraderReimport                                                                                                                                                                                               :       18 samples, Peak.   281 us (2.2x), Avg.   128 us, Total. 2.299 ms (0.0%)
[Performance] InitializeOnLoad StarterAssetsSampleProjectValidation.RegisterProjectValidationRules                                                                                                                                                                       :        9 samples, Peak.  2.37 ms (1.3x), Avg.  1.82 ms, Total. 16.41 ms (0.0%)
[Performance] InitializeOnLoad $BurstDirectCallInitializer.Initialize                                                                                                                                                                                                    :        9 samples, Peak.  29.5 ms (1.3x), Avg.  22.6 ms, Total. 203.4 ms (0.0%)
[Performance] InitializeOnLoad Localization.ForceEnableLocalization                                                                                                                                                                                                      :        9 samples, Peak.   351 us (1.2x), Avg.   283 us, Total. 2.550 ms (0.0%)
[Performance] InitializeOnLoad CoreUtilsAnalytics.RegisterEvents                                                                                                                                                                                                         :        9 samples, Peak.   474 us (1.4x), Avg.   339 us, Total. 3.053 ms (0.0%)
[Performance] InitializeOnLoad XRPluginManagementProjectValidation.RegisterProjectValidationRules                                                                                                                                                                        :        9 samples, Peak.  1.31 ms (1.4x), Avg.   904 us, Total. 8.132 ms (0.0%)
[Performance] InitializeOnLoad OpenXRInput.RegisterFeatureLayouts                                                                                                                                                                                                        :        9 samples, Peak.  1.31 ms (1.2x), Avg.  1.07 ms, Total. 9.674 ms (0.0%)
[Performance] InitializeOnLoad TestJobDataHolder.ResumeRunningJobs                                                                                                                                                                                                       :        9 samples, Peak.  1.30 ms (5.1x), Avg.   253 us, Total. 2.275 ms (0.0%)
[Performance] InitializeOnLoad AnalyticsReporter.RegisterCallbacks                                                                                                                                                                                                       :        9 samples, Peak.  4.98 ms (4.8x), Avg.  1.05 ms, Total. 9.412 ms (0.0%)
[Performance] InitializeOnLoad DebugManagerWindowLifetimeAnalytic.SubscribeToDebugManagerOpenCloseWindows                                                                                                                                                                :        9 samples, Peak.   786 us (1.6x), Avg.   483 us, Total. 4.345 ms (0.0%)
[Performance] InitializeOnLoad CoreRenderPipelinePreferences.InitPreferenceProviders                                                                                                                                                                                     :        9 samples, Peak.  35.2 ms (1.5x), Avg.  22.7 ms, Total. 204.4 ms (0.0%)
[Performance] InitializeOnLoad VolumeGizmoDrawer.InitVolumeGizmoCallbacks                                                                                                                                                                                                :        9 samples, Peak.   385 us (1.2x), Avg.   332 us, Total. 2.984 ms (0.0%)
[Performance] DidReloadScriptsAdvancedDropdownWindow.OnScriptReload                                                                                                                                                                                                      :       18 samples, Peak.   550 us (1.4x), Avg.   384 us, Total. 6.914 ms (0.0%)
[Performance] DidReloadScriptsTutorialPageEditor.OnScriptsReloaded                                                                                                                                                                                                       :        9 samples, Peak.  2.76 ms (1.1x), Avg.  2.43 ms, Total. 21.86 ms (0.0%)
[Performance] DidReloadScriptsPackageVersionUtility.OnReloadScripts                                                                                                                                                                                                      :        9 samples, Peak.   248 us (1.6x), Avg.   154 us, Total. 1.384 ms (0.0%)
[Performance] DidReloadScriptsTestRunnerWindow.CompilationCallback                                                                                                                                                                                                       :        9 samples, Peak.   186 us (1.3x), Avg.   145 us, Total. 1.306 ms (0.0%)
[Performance] DidReloadScriptsTestListCache.ScriptReloaded                                                                                                                                                                                                               :        9 samples, Peak.  1.44 ms (5.5x), Avg.   262 us, Total. 2.354 ms (0.0%)
[Performance] DidReloadScriptsLookDev.OnEditorReload                                                                                                                                                                                                                     :        9 samples, Peak.   423 us (1.2x), Avg.   352 us, Total. 3.164 ms (0.0%)
[Performance] DidReloadScriptsDebugWindow.OnEditorReload                                                                                                                                                                                                                 :        9 samples, Peak.  7.15 ms (1.7x), Avg.  4.12 ms, Total. 37.05 ms (0.0%)
[Performance] DidReloadScriptsVolumeComponentEditor.OnEditorReload                                                                                                                                                                                                       :        9 samples, Peak.  23.6 ms (1.6x), Avg.  14.7 ms, Total. 132.6 ms (0.0%)
[Performance] AssemblyReloadEvents.afterAssemblyReload: UnityEditor.XR.Management.Metadata.XRPackageMetadataStore.AssemblyReloadEvents_afterAssemblyReload                                                                                                               :        6 samples, Peak.  8.68 ms (2.5x), Avg.  3.42 ms, Total. 20.53 ms (0.0%)
[Performance] AssetDatabase.ImportAssets                                                                                                                                                                                                                                 :       27 samples, Peak.   115 ms (10.2x), Avg.  11.2 ms, Total. 303.3 ms (0.0%)
[Performance] VersionControl.Task.Wait                                                                                                                                                                                                                                   :        1 samples, Peak.  8.00 us (1.0x), Avg.  8.00 us, Total. 8.000 us (0.0%)
[Performance] TMPro_TexturePostProcessor.OnPostprocessAllAssets                                                                                                                                                                                                          :       34 samples, Peak.   861 us (3.7x), Avg.   233 us, Total. 7.938 ms (0.0%)
[Performance] UVCSAssetPostprocessor.OnPostprocessAllAssets                                                                                                                                                                                                              :       34 samples, Peak.   705 us (4.7x), Avg.   151 us, Total. 5.121 ms (0.0%)
[Performance] BuilderAssetPostprocessor.OnPostprocessAllAssets                                                                                                                                                                                                           :       34 samples, Peak.  3.03 ms (3.7x), Avg.   815 us, Total. 27.72 ms (0.0%)
[Performance] ArtifactBrowserPostProcessor.OnPostprocessAllAssets                                                                                                                                                                                                        :       34 samples, Peak.   669 us (4.0x), Avg.   168 us, Total. 5.720 ms (0.0%)
[Performance] AssetEvents.OnPostprocessAllAssets                                                                                                                                                                                                                         :       68 samples, Peak.   293 us (5.6x), Avg.  52.2 us, Total. 3.546 ms (0.0%)
[Performance] AudioMixerPostprocessor.OnPostprocessAllAssets                                                                                                                                                                                                             :       34 samples, Peak.   484 us (4.5x), Avg.   108 us, Total. 3.678 ms (0.0%)
[Performance] StyleCatalogPostProcessor.OnPostprocessAllAssets                                                                                                                                                                                                           :       34 samples, Peak.  16.7 ms (15.6x), Avg.  1.07 ms, Total. 36.34 ms (0.0%)
[Performance] BuildCatalog                                                                                                                                                                                                                                               :        9 samples, Peak.  15.7 ms (1.3x), Avg.  12.4 ms, Total. 111.8 ms (0.0%)
[Performance] ModelImporterPostProcessor.OnPostprocessAllAssets                                                                                                                                                                                                          :       34 samples, Peak.  4.79 ms (4.4x), Avg.  1.09 ms, Total. 37.20 ms (0.0%)
[Performance] MaterialPostprocessor.OnPostprocessAllAssets                                                                                                                                                                                                               :       68 samples, Peak.  1.53 ms (3.5x), Avg.   436 us, Total. 29.66 ms (0.0%)
[Performance] UniversalRenderPipelineGlobalSettingsPostprocessor.OnPostprocessAllAssets                                                                                                                                                                                  :       42 samples, Peak.  1.28 ms (4.5x), Avg.   282 us, Total. 11.85 ms (0.0%)
[Performance] RetainedModeAssetPostprocessor.OnPostprocessAllAssets                                                                                                                                                                                                      :       34 samples, Peak.  3.07 ms (4.1x), Avg.   747 us, Total. 25.40 ms (0.0%)
[Performance] AssetChangedListener.OnPostprocessAllAssets                                                                                                                                                                                                                :       34 samples, Peak.  5.85 ms (3.5x), Avg.  1.68 ms, Total. 57.12 ms (0.0%)
[Performance] PostProcessor.OnPostprocessAllAssets                                                                                                                                                                                                                       :       34 samples, Peak.   436 us (4.2x), Avg.   103 us, Total. 3.510 ms (0.0%)
[Performance] ShaderGraphAssetPostProcessor.OnPostprocessAllAssets                                                                                                                                                                                                       :       34 samples, Peak.  2.55 ms (3.7x), Avg.   697 us, Total. 23.71 ms (0.0%)
[Performance] SpeedTreePostProcessor.OnPostprocessAllAssets                                                                                                                                                                                                              :       34 samples, Peak.   218 us (3.6x), Avg.  60.7 us, Total. 2.064 ms (0.0%)
[Performance] TextAssetPostProcessor.OnPostprocessAllAssets                                                                                                                                                                                                              :       34 samples, Peak.   554 us (3.7x), Avg.   151 us, Total. 5.144 ms (0.0%)
[Performance] AssetCallbacks.OnPostprocessAllAssets                                                                                                                                                                                                                      :       34 samples, Peak.  89.3 ms (4.0x), Avg.  22.6 ms, Total. 766.9 ms (0.0%)
[Performance] InputActionAssetPostprocessor.OnPostprocessAllAssets                                                                                                                                                                                                       :       42 samples, Peak.   398 us (2.7x), Avg.   148 us, Total. 6.206 ms (0.0%)
[Performance] InputActionJsonNameModifierAssetProcessor.OnPostprocessAllAssets                                                                                                                                                                                           :       42 samples, Peak.  80.8 us (2.7x), Avg.  29.7 us, Total. 1.247 ms (0.0%)
[Performance] ProjectSettingsPostprocessor.OnPostprocessAllAssets                                                                                                                                                                                                        :       42 samples, Peak.   246 us (3.3x), Avg.  75.5 us, Total. 3.169 ms (0.0%)
[Performance] SyncVS.PostprocessSyncProject                                                                                                                                                                                                                              :       21 samples, Peak.  4.09 ms (3.1x), Avg.  1.34 ms, Total. 28.15 ms (0.0%)
[Performance] EditorApplication.projectChanged: UnityEditor.Audio.MixerEffectDefinitionReloader.OnProjectChanged                                                                                                                                                         :        8 samples, Peak.  1.49 ms (2.6x), Avg.   580 us, Total. 4.643 ms (0.0%)
[Performance] EditorApplication.projectChanged: UnityEngine.InputSystem.LowLevel.NativeInputRuntime.OnProjectChanged                                                                                                                                                     :        8 samples, Peak.   317 us (5.0x), Avg.  63.8 us, Total. 510.5 us (0.0%)
[Performance] Application.ImportPackagesAndSetTemplateWhenCreatingProject                                                                                                                                                                                                :        1 samples, Peak.  14.3 ms (1.0x), Avg.  14.3 ms, Total. 14.34 ms (0.0%)
[Performance] Application.SyncCurrentColorSpace                                                                                                                                                                                                                          :        1 samples, Peak.   134 ms (1.0x), Avg.   134 ms, Total. 133.9 ms (0.0%)
[Performance] Application.OnUsbDevicesChanged                                                                                                                                                                                                                            :        1 samples, Peak.  3.25 ms (1.0x), Avg.  3.25 ms, Total. 3.252 ms (0.0%)
[Performance] Application.AssetInstanceCacheUpdate                                                                                                                                                                                                                       :        1 samples, Peak.   600 ns (1.0x), Avg.   600 ns, Total. 600.0 ns (0.0%)
[Performance] Application.UnityExtensions.Initialize                                                                                                                                                                                                                     :        1 samples, Peak.  7.74 ms (1.0x), Avg.  7.74 ms, Total. 7.741 ms (0.0%)
[Performance] CodeEditorProjectSync.SyncEditorProject                                                                                                                                                                                                                    :        1 samples, Peak.   349 ms (1.0x), Avg.   349 ms, Total. 349.4 ms (0.0%)
[Performance] Application.ExecuteStartups                                                                                                                                                                                                                                :        1 samples, Peak.  41.7 ms (1.0x), Avg.  41.7 ms, Total. 41.74 ms (0.0%)
[Performance] Menu.RegisterMenuInterface                                                                                                                                                                                                                                 :       26 samples, Peak.  4.00 us (12.0x), Avg.   335 ns, Total. 8.700 us (0.0%)
[Performance] Gizmo.RebuildRenderers                                                                                                                                                                                                                                     :       15 samples, Peak.  36.2 ms (2.4x), Avg.  15.3 ms, Total. 229.6 ms (0.0%)
[Performance] Gizmo.AddGizmoRenderers                                                                                                                                                                                                                                    :     1845 samples, Peak.  1.45 ms (116.5x), Avg.  12.5 us, Total. 23.03 ms (0.0%)
[Performance] Application.editorInitializingProject                                                                                                                                                                                                                      :        1 samples, Peak.   256 ms (1.0x), Avg.   256 ms, Total. 256.2 ms (0.0%)
[Performance] Application.FinishLoadingProject                                                                                                                                                                                                                           :        1 samples, Peak.   783 ms (1.0x), Avg.   783 ms, Total. 782.7 ms (0.0%)
[Performance] Application.InitializeMenu                                                                                                                                                                                                                                 :        1 samples, Peak.  45.7 ms (1.0x), Avg.  45.7 ms, Total. 45.71 ms (0.0%)
[Performance] Menu.RebuildAll                                                                                                                                                                                                                                            :        1 samples, Peak.  45.7 ms (1.0x), Avg.  45.7 ms, Total. 45.70 ms (0.0%)
[Performance] Menu.BuildRegisteredMenuInterfaces                                                                                                                                                                                                                         :        1 samples, Peak.  42.9 ms (1.0x), Avg.  42.9 ms, Total. 42.89 ms (0.0%)
[Performance] Menu.FilterMenuItem                                                                                                                                                                                                                                        :     5221 samples, Peak.  82.0 ms (1129.2x), Avg.  72.6 us, Total. 379.1 ms (0.0%)
[Performance] UpdateAllMenus                                                                                                                                                                                                                                             :        8 samples, Peak.   119 ms (1.6x), Avg.  73.4 ms, Total. 587.2 ms (0.0%)
[Performance] Menu.RebuildOSMainMenu                                                                                                                                                                                                                                     :        9 samples, Peak.  8.30 ms (1.4x), Avg.  5.91 ms, Total. 53.21 ms (0.0%)
[Performance] Application.RestoreLastOpenedScenes                                                                                                                                                                                                                        :        1 samples, Peak.  57.7 ms (1.0x), Avg.  57.7 ms, Total. 57.75 ms (0.0%)
[Performance] EditorSceneManager.sceneClosing: UnityEditor.SceneVisibilityManager.EditorSceneManagerOnSceneClosing                                                                                                                                                       :       10 samples, Peak.   270 us (2.0x), Avg.   138 us, Total. 1.381 ms (0.0%)
[Performance] EditorSceneManager.sceneClosed: callback in UnityEditor.Search.SearchMonitor                                                                                                                                                                               :        7 samples, Peak.   103 us (1.5x), Avg.  69.0 us, Total. 482.7 us (0.0%)
[Performance] EditorSceneManager.activeSceneChangedInEditMode: callback in UnityEditor.Search.SearchMonitor                                                                                                                                                              :        7 samples, Peak.  26.6 us (1.2x), Avg.  21.3 us, Total. 149.1 us (0.0%)
[Performance] GUIView.RepaintAll.PlayerLoopController                                                                                                                                                                                                                    :   165952 samples, Peak.   609 ms (529.1x), Avg.  1.15 ms, Total. 191.1 s (4.7%)
[Performance] EditorSceneManager.newSceneCreated: UnityEditor.SceneTemplate.SceneTemplateService.OnNewSceneCreated                                                                                                                                                       :        3 samples, Peak.   259 us (1.1x), Avg.   237 us, Total. 709.8 us (0.0%)
[Performance] EditorSceneManager.newSceneCreated: UnityEditor.SceneVisibilityManager.EditorSceneManagerOnNewSceneCreated                                                                                                                                                 :        3 samples, Peak.   210 us (1.0x), Avg.   202 us, Total. 606.6 us (0.0%)
[Performance] EditorSceneManager.newSceneCreated: UnityEditor.SceneManagement.StageNavigationManager.OnNewSceneCreated                                                                                                                                                   :        3 samples, Peak.  58.2 us (1.1x), Avg.  53.3 us, Total. 159.8 us (0.0%)
[Performance] EditorResources.Load                                                                                                                                                                                                                                       :     7629 samples, Peak.  9.89 ms (501.4x), Avg.  19.7 us, Total. 150.4 ms (0.0%)
[Performance] Application.InvokeFinishedLoadingProject                                                                                                                                                                                                                   :        1 samples, Peak.  13.5 ms (1.0x), Avg.  13.5 ms, Total. 13.48 ms (0.0%)
[Performance] ProcessService.OnProjectLoaded                                                                                                                                                                                                                             :        1 samples, Peak.  58.7 us (1.0x), Avg.  58.7 us, Total. 58.70 us (0.0%)
[Performance] EditorSceneManager.sceneOpening: UnityEditor.SceneVisibilityManager.EditorSceneManagerOnSceneOpening                                                                                                                                                       :        1 samples, Peak.   235 us (1.0x), Avg.   235 us, Total. 234.6 us (0.0%)
[Performance] Inspector.InitOrRebuild                                                                                                                                                                                                                                    :       37 samples, Peak.  83.4 ms (7.6x), Avg.  10.9 ms, Total. 404.6 ms (0.0%)
[Performance] Toolbar.OnDidOpenScene                                                                                                                                                                                                                                     :        3 samples, Peak.  14.6 us (1.1x), Avg.  12.9 us, Total. 38.70 us (0.0%)
[Performance] SceneHierarchyWindow.OnDidOpenScene                                                                                                                                                                                                                        :        3 samples, Peak.  64.3 us (1.3x), Avg.  49.4 us, Total. 148.1 us (0.0%)
[Performance] SceneView.OnDidOpenScene                                                                                                                                                                                                                                   :        3 samples, Peak.  2.80 us (1.4x), Avg.  1.93 us, Total. 5.800 us (0.0%)
[Performance] ProjectBrowser.OnDidOpenScene                                                                                                                                                                                                                              :        3 samples, Peak.  1.20 us (1.2x), Avg.  1.03 us, Total. 3.100 us (0.0%)
[Performance] ConsoleWindow.OnDidOpenScene                                                                                                                                                                                                                               :        1 samples, Peak.  1.10 us (1.0x), Avg.  1.10 us, Total. 1.100 us (0.0%)
[Performance] InspectorWindow.OnDidOpenScene                                                                                                                                                                                                                             :        3 samples, Peak.  1.30 us (1.3x), Avg.  1000 ns, Total. 3.000 us (0.0%)
[Performance] AppStatusBar.OnDidOpenScene                                                                                                                                                                                                                                :        3 samples, Peak.  7.80 us (1.2x), Avg.  6.63 us, Total. 19.90 us (0.0%)
[Performance] EditorSceneManager.sceneOpened: callback in UnityEditor.Search.SearchMonitor                                                                                                                                                                               :        1 samples, Peak.  32.0 us (1.0x), Avg.  32.0 us, Total. 32.00 us (0.0%)
[Performance] EditorSceneManager.sceneOpened: UnityEditor.SceneTemplate.SceneTemplateService.OnSceneOpened                                                                                                                                                               :        1 samples, Peak.   197 us (1.0x), Avg.   197 us, Total. 196.8 us (0.0%)
[Performance] EditorSceneManager.sceneOpened: UnityEditor.SceneVisibilityManager.EditorSceneManagerOnSceneOpened                                                                                                                                                         :        1 samples, Peak.  94.9 us (1.0x), Avg.  94.9 us, Total. 94.90 us (0.0%)
[Performance] EditorSceneManager.sceneOpened: UnityEditor.SceneManagement.StageNavigationManager.OnSceneOpened                                                                                                                                                           :        1 samples, Peak.  46.8 us (1.0x), Avg.  46.8 us, Total. 46.80 us (0.0%)
[Performance] EditorSceneManager.sceneOpened: UnityEditor.SceneHierarchy.OnSceneOpened                                                                                                                                                                                   :        1 samples, Peak.   458 us (1.0x), Avg.   458 us, Total. 458.1 us (0.0%)
[Performance] EditorApplication.playModeStateChanged                                                                                                                                                                                                                     :        6 samples, Peak.  8.65 ms (2.5x), Avg.  3.45 ms, Total. 20.71 ms (0.0%)
[Performance] EditorApplication.playModeStateChanged: UnityEditor.ObjectPool.PoolManager.OnEditorStateChange                                                                                                                                                             :       12 samples, Peak.   185 us (3.2x), Avg.  57.1 us, Total. 685.7 us (0.0%)
[Performance] EditorApplication.playModeStateChanged: UnityEditor.PackageManager.UI.Internal.PlayModeDownload.PlayModeStateChanged                                                                                                                                       :       12 samples, Peak.  1.26 ms (6.2x), Avg.   204 us, Total. 2.451 ms (0.0%)
[Performance] EditorApplication.playModeStateChanged: UnityEditor.SceneManagement.EditorSceneManager.PlayModeStateChangedCallback                                                                                                                                        :       12 samples, Peak.  54.4 us (3.6x), Avg.  15.3 us, Total. 183.8 us (0.0%)
[Performance] EditorApplication.playModeStateChanged: callback in UnityEditor.Search.SearchMonitor                                                                                                                                                                       :        9 samples, Peak.  89.2 us (3.2x), Avg.  28.1 us, Total. 252.7 us (0.0%)
[Performance] EditorApplication.playModeStateChanged: UnityEditor.Search.SearchMonitor.OnPlayModeChanged                                                                                                                                                                 :        9 samples, Peak.   116 us (2.2x), Avg.  53.8 us, Total. 484.6 us (0.0%)
[Performance] EditorApplication.playModeStateChanged: UnityEngine.InputSystem.LowLevel.NativeInputRuntime.OnPlayModeStateChanged                                                                                                                                         :       12 samples, Peak.  90.5 ms (9.7x), Avg.  9.37 ms, Total. 112.4 ms (0.0%)
[Performance] EditorApplication.playModeStateChanged: Unity.Burst.Editor.BurstLoader.EditorApplicationOnPlayModeStateChanged                                                                                                                                             :       12 samples, Peak.   116 us (2.4x), Avg.  49.1 us, Total. 588.8 us (0.0%)
[Performance] EditorApplication.playModeStateChanged: UnityEngine.Rendering.Universal.ShadowCasterGroup2DManager.OnPlayModeStateChanged                                                                                                                                  :       12 samples, Peak.   267 us (3.5x), Avg.  76.9 us, Total. 922.2 us (0.0%)
[Performance] EditorApplication.playModeStateChanged: Unity.XR.CoreUtils.Editor.Internal.ScriptableSettingsInitializer.OnPlayModeStateChanged                                                                                                                            :       12 samples, Peak.  59.2 ms (4.5x), Avg.  13.2 ms, Total. 158.1 ms (0.0%)
[Performance] EditorApplication.playModeStateChanged: UnityEditor.XR.Management.XRGeneralSettingsPerBuildTarget.PlayModeStateChanged                                                                                                                                     :       12 samples, Peak.   250 us (2.8x), Avg.  89.1 us, Total. 1.070 ms (0.0%)
[Performance] EditorApplication.playModeStateChanged: UnityEditor.XR.Management.Metadata.XRPackageMetadataStore.PlayModeStateChanged                                                                                                                                     :       12 samples, Peak.   471 us (2.8x), Avg.   169 us, Total. 2.030 ms (0.0%)
[Performance] EditorApplication.playModeStateChanged: UnityEditor.XR.Management.XRPackageInitializationBootstrap.PlayModeStateChanged                                                                                                                                    :       12 samples, Peak.   152 ms (3.2x), Avg.  47.0 ms, Total. 564.4 ms (0.0%)
[Performance] EditorApplication.playModeStateChanged: UnityEditor.TestTools.TestRunner.PlaymodeLauncher+BackgroundWatcher.OnPlayModeStateChanged                                                                                                                         :       12 samples, Peak.   591 us (3.2x), Avg.   186 us, Total. 2.233 ms (0.0%)
[Performance] EditorApplication.playModeStateChanged: UnityEditor.XR.Oculus.OculusEnterPlayModeSettingsCheck.PlaymodeStateChangedEvent                                                                                                                                   :       12 samples, Peak.   363 us (3.4x), Avg.   105 us, Total. 1.266 ms (0.0%)
[Performance] EditorApplication.playModeStateChanged: UnityEditor.SceneVisibilityManager.EditorApplicationPlayModeStateChanged                                                                                                                                           :       12 samples, Peak.   103 us (4.4x), Avg.  23.4 us, Total. 280.3 us (0.0%)
[Performance] EditorApplication.playModeStateChanged: UnityEditor.PackageManager.UI.Internal.ApplicationProxy.PlayModeStateChanged                                                                                                                                       :       12 samples, Peak.   168 us (2.7x), Avg.  62.2 us, Total. 746.8 us (0.0%)
[Performance] EditorApplication.playModeStateChanged: UnityEditor.TestTools.TestRunner.TestRunnerWindow.OnPlayModeStateChanged                                                                                                                                           :       12 samples, Peak.   104 us (3.2x), Avg.  32.2 us, Total. 385.9 us (0.0%)
[Performance] EditorApplication.playModeStateChanged: UnityEditor.Toolbars.PlayModeButtons.OnPlayModeStateChanged                                                                                                                                                        :       12 samples, Peak.  48.6 us (2.0x), Avg.  24.1 us, Total. 288.7 us (0.0%)
[Performance] EditorApplication.playModeStateChanged: UnityEditor.UIElements.DefaultEditorWindowBackend.PlayModeStateChangedCallback                                                                                                                                     :       36 samples, Peak.   604 us (8.7x), Avg.  69.7 us, Total. 2.511 ms (0.0%)
[Performance] EditorApplication.playModeStateChanged: UnityEditor.GameView.OnPlayModeStateChanged                                                                                                                                                                        :       12 samples, Peak.  87.7 us (2.9x), Avg.  29.9 us, Total. 358.9 us (0.0%)
[Performance] EditorApplication.playModeStateChanged: UnityEditor.SceneHierarchy.PlayModeStateChanged                                                                                                                                                                    :        6 samples, Peak.  96.4 us (1.8x), Avg.  54.4 us, Total. 326.4 us (0.0%)
[Performance] EditorApplication.playModeStateChanged: UnityEditor.SceneView.OnPlayModeStateChanged                                                                                                                                                                       :        6 samples, Peak.  45.5 us (1.6x), Avg.  28.2 us, Total. 169.3 us (0.0%)
[Performance] EditorApplication.playModeStateChanged: UnityEditor.ProjectBrowser.OnPlayModeStateChanged                                                                                                                                                                  :        6 samples, Peak.   182 us (2.6x), Avg.  71.1 us, Total. 426.4 us (0.0%)
[Performance] EditorApplication.playModeStateChanged: UnityEditorInternal.AnimationWindowControl.OnPlayModeStateChanged                                                                                                                                                  :       12 samples, Peak.  2.37 ms (5.8x), Avg.   407 us, Total. 4.887 ms (0.0%)
[Performance] EditorApplication.playModeStateChanged: UnityEditor.PropertyEditor.OnPlayModeStateChanged                                                                                                                                                                  :        6 samples, Peak.  2.68 ms (2.1x), Avg.  1.30 ms, Total. 7.791 ms (0.0%)
[Performance] EditorApplication.playModeStateChanged: UnityEditor.InspectorWindow.OnPlayModeStateChanged                                                                                                                                                                 :        6 samples, Peak.  10.7 ms (5.1x), Avg.  2.11 ms, Total. 12.65 ms (0.0%)
[Performance] Application.InvokeProjectWasLoaded                                                                                                                                                                                                                         :        1 samples, Peak.   595 us (1.0x), Avg.   595 us, Total. 594.6 us (0.0%)
[Performance] Application.Message                                                                                                                                                                                                                                        :   262318 samples, Peak.  6.27 s (34599.7x), Avg.   181 us, Total. 47.53 s (1.2%)
[Performance] Application.Message.Timer                                                                                                                                                                                                                                  :     8103 samples, Peak.   592 us (25.2x), Avg.  23.5 us, Total. 190.7 ms (0.0%)
[Performance] Application.Message.WM_0031F                                                                                                                                                                                                                               :        2 samples, Peak.  1.28 ms (2.0x), Avg.   644 us, Total. 1.287 ms (0.0%)
[Performance] Application.Message.WM_0C10C                                                                                                                                                                                                                               :        1 samples, Peak.   500 ns (1.0x), Avg.   500 ns, Total. 500.0 ns (0.0%)
[Performance] Application.Message.Paint                                                                                                                                                                                                                                  :       53 samples, Peak.   650 ms (45.6x), Avg.  14.3 ms, Total. 755.9 ms (0.0%)
[Performance] Toolbar.Paint                                                                                                                                                                                                                                              :      303 samples, Peak.   250 ms (31.9x), Avg.  7.84 ms, Total. 2.376 s (0.1%)
[Performance] Toolbar.SetActiveWindowAsPresented                                                                                                                                                                                                                         :        1 samples, Peak.   247 us (1.0x), Avg.   247 us, Total. 246.5 us (0.0%)
[Performance] Toolbar.Repaint                                                                                                                                                                                                                                            :      303 samples, Peak.   247 ms (37.9x), Avg.  6.51 ms, Total. 1.972 s (0.0%)
[Performance] RefreshSkin                                                                                                                                                                                                                                                :        9 samples, Peak.  27.8 ms (1.9x), Avg.  14.4 ms, Total. 129.4 ms (0.0%)
[Performance] SceneHierarchyWindow.Paint                                                                                                                                                                                                                                 :      196 samples, Peak.  68.9 ms (16.5x), Avg.  4.17 ms, Total. 816.6 ms (0.0%)
[Performance] SceneHierarchyWindow.SetActiveWindowAsPresented                                                                                                                                                                                                            :        4 samples, Peak.  33.6 us (2.1x), Avg.  16.2 us, Total. 64.70 us (0.0%)
[Performance] SceneHierarchyWindow.Repaint                                                                                                                                                                                                                               :      196 samples, Peak.  68.7 ms (21.3x), Avg.  3.23 ms, Total. 633.3 ms (0.0%)
[Performance] SceneVisibilityState.HasData                                                                                                                                                                                                                               :      470 samples, Peak.  10.7 us (14.3x), Avg.   751 ns, Total. 352.9 us (0.0%)
[Performance] SceneVisibilityState.IsFlagSetInParents                                                                                                                                                                                                                    :     2530 samples, Peak.  2.20 us (14.7x), Avg.   150 ns, Total. 378.8 us (0.0%)
[Performance] SceneView.Paint                                                                                                                                                                                                                                            :     5031 samples, Peak.   418 ms (187.8x), Avg.  2.22 ms, Total. 11.18 s (0.3%)
[Performance] SceneView.SetActiveWindowAsPresented                                                                                                                                                                                                                       :        4 samples, Peak.  14.1 us (1.2x), Avg.  12.1 us, Total. 48.40 us (0.0%)
[Performance] SceneView.Repaint                                                                                                                                                                                                                                          :     5031 samples, Peak.   417 ms (219.7x), Avg.  1.90 ms, Total. 9.561 s (0.2%)
[Performance] GizmoManager.DrawGizmos                                                                                                                                                                                                                                    :    10062 samples, Peak.  2.32 ms (108.7x), Avg.  21.4 us, Total. 214.9 ms (0.0%)
[Performance] GizmoManager.RecalculateGizmosIfDirty                                                                                                                                                                                                                      :       58 samples, Peak.   961 us (7.6x), Avg.   126 us, Total. 7.286 ms (0.0%)
[Performance] GizmoManager.RecalculateGizmos                                                                                                                                                                                                                             :       58 samples, Peak.   934 us (7.9x), Avg.   118 us, Total. 6.860 ms (0.0%)
[Performance] ProjectBrowser.Paint                                                                                                                                                                                                                                       :      398 samples, Peak.  95.3 ms (27.5x), Avg.  3.46 ms, Total. 1.378 s (0.0%)
[Performance] ProjectBrowser.SetActiveWindowAsPresented                                                                                                                                                                                                                  :        4 samples, Peak.   231 us (3.4x), Avg.  68.0 us, Total. 272.2 us (0.0%)
[Performance] ProjectBrowser.Repaint                                                                                                                                                                                                                                     :      398 samples, Peak.  94.9 ms (37.8x), Avg.  2.51 ms, Total. 999.3 ms (0.0%)
[Performance] ConsoleWindow.Paint                                                                                                                                                                                                                                        :      123 samples, Peak.  27.0 ms (10.8x), Avg.  2.49 ms, Total. 306.6 ms (0.0%)
[Performance] ConsoleWindow.SetActiveWindowAsPresented                                                                                                                                                                                                                   :        4 samples, Peak.  14.4 us (1.1x), Avg.  12.9 us, Total. 51.60 us (0.0%)
[Performance] ConsoleWindow.Repaint                                                                                                                                                                                                                                      :      123 samples, Peak.  26.9 ms (11.9x), Avg.  2.26 ms, Total. 277.6 ms (0.0%)
[Performance] InspectorWindow.Paint                                                                                                                                                                                                                                      :     1913 samples, Peak.   128 ms (45.9x), Avg.  2.78 ms, Total. 5.326 s (0.1%)
[Performance] InspectorWindow.SetActiveWindowAsPresented                                                                                                                                                                                                                 :        4 samples, Peak.  15.9 us (1.3x), Avg.  11.8 us, Total. 47.20 us (0.0%)
[Performance] InspectorWindow.Repaint                                                                                                                                                                                                                                    :     1913 samples, Peak.   127 ms (54.5x), Avg.  2.33 ms, Total. 4.457 s (0.1%)
[Performance] AppStatusBar.Paint                                                                                                                                                                                                                                         :      108 samples, Peak.  38.6 ms (9.9x), Avg.  3.90 ms, Total. 420.9 ms (0.0%)
[Performance] AppStatusBar.SetActiveWindowAsPresented                                                                                                                                                                                                                    :        1 samples, Peak.  12.1 us (1.0x), Avg.  12.1 us, Total. 12.10 us (0.0%)
[Performance] AppStatusBar.Repaint                                                                                                                                                                                                                                       :      108 samples, Peak.  17.1 ms (12.9x), Avg.  1.32 ms, Total. 142.3 ms (0.0%)
[Performance] AssetDatabase.Refresh                                                                                                                                                                                                                                      :       18 samples, Peak.  6.24 s (5.3x), Avg.  1.18 s, Total. 21.23 s (0.5%)
[Performance] Application.Tick                                                                                                                                                                                                                                           :   262318 samples, Peak.  9.78 s (7977.6x), Avg.  1.23 ms, Total. 321.6 s (7.9%)
[Performance] CheckLicensingClient                                                                                                                                                                                                                                       :      796 samples, Peak.   152 us (8.8x), Avg.  17.3 us, Total. 13.73 ms (0.0%)
[Performance] CheckLicensingClientNotification                                                                                                                                                                                                                           :      796 samples, Peak.   245 us (12.1x), Avg.  20.2 us, Total. 16.07 ms (0.0%)
[Performance] LicenseActivated.Tick                                                                                                                                                                                                                                      :        2 samples, Peak.  13.7 ms (2.0x), Avg.  6.85 ms, Total. 13.71 ms (0.0%)
[Performance] Application.TickVersionControl                                                                                                                                                                                                                             :   262318 samples, Peak.   240 us (250.9x), Avg.   955 ns, Total. 250.5 ms (0.0%)
[Performance] MonoCompiler.Tick                                                                                                                                                                                                                                          :    14866 samples, Peak.  8.72 s (11109.9x), Avg.   785 us, Total. 11.67 s (0.3%)
[Performance] Application.EnterPlayMode                                                                                                                                                                                                                                  :        3 samples, Peak.  9.37 s (1.1x), Avg.  8.80 s, Total. 26.39 s (0.6%)
[Performance] Application.Reload                                                                                                                                                                                                                                         :        4 samples, Peak.  2.81 s (1.1x), Avg.  2.52 s, Total. 10.08 s (0.2%)
[Performance] AssemblyReloadEvents.beforeAssemblyReload: UnityEditor.Search.SearchMonitor.OnBeforeAssemblyReload                                                                                                                                                         :        8 samples, Peak.  2.11 ms (1.8x), Avg.  1.17 ms, Total. 9.392 ms (0.0%)
[Performance] AssemblyReloadEvents.beforeAssemblyReload: UnityEditor.SettingsManagement.FileSettingsRepository.Save                                                                                                                                                      :       16 samples, Peak.  3.05 ms (2.6x), Avg.  1.18 ms, Total. 18.85 ms (0.0%)
[Performance] AssemblyReloadEvents.beforeAssemblyReload: UnityEditor.Rendering.Analytics.DebugManagerWindowLifetimeAnalytic.OnBeforeAssemblyReload                                                                                                                       :        8 samples, Peak.  1.44 ms (2.2x), Avg.   648 us, Total. 5.182 ms (0.0%)
[Performance] AssemblyReloadEvents.beforeAssemblyReload: UnityEditor.Overlays.OverlayCanvas.OnBeforeAssemblyReload                                                                                                                                                       :       11 samples, Peak.   974 us (3.2x), Avg.   308 us, Total. 3.392 ms (0.0%)
[Performance] AssemblyReloadEvents.beforeAssemblyReload: UnityEditor.EditorTools.EditorToolManager.BeforeAssemblyReload                                                                                                                                                  :        8 samples, Peak.   678 us (2.6x), Avg.   264 us, Total. 2.116 ms (0.0%)
[Performance] AssemblyReloadEvents.beforeAssemblyReload: UnityEditorInternal.AnimationWindowState.PurgeSelection                                                                                                                                                         :        8 samples, Peak.   357 us (3.5x), Avg.   101 us, Total. 807.3 us (0.0%)
[Performance] AssemblyReloadEvents.afterAssemblyReload: UnityEditor.InspectorWindow.OnAfterAssemblyReload                                                                                                                                                                :        8 samples, Peak.  1.45 ms (3.7x), Avg.   393 us, Total. 3.144 ms (0.0%)
[Performance] AssemblyReloadEvents.afterAssemblyReload: UnityEditor.ProjectBrowser.OnAfterAssemblyReload                                                                                                                                                                 :        8 samples, Peak.  73.8 us (2.0x), Avg.  36.1 us, Total. 289.1 us (0.0%)
[Performance] GameView.Used                                                                                                                                                                                                                                              :        3 samples, Peak.  97.2 ms (1.1x), Avg.  84.9 ms, Total. 254.8 ms (0.0%)
[Performance] TimelineAnalyticsProcess.OnProcessScene                                                                                                                                                                                                                    :        3 samples, Peak.  1.61 ms (1.2x), Avg.  1.35 ms, Total. 4.065 ms (0.0%)
[Performance] UnityBuildPostprocessor.OnProcessScene                                                                                                                                                                                                                     :        3 samples, Peak.   593 us (1.2x), Avg.   485 us, Total. 1.456 ms (0.0%)
[Performance] BuildProcessor.OnProcessScene                                                                                                                                                                                                                              :        3 samples, Peak.   197 us (1.1x), Avg.   186 us, Total. 557.2 us (0.0%)
[Performance] GameView.Paint                                                                                                                                                                                                                                             :   165825 samples, Peak.   139 ms (123.8x), Avg.  1.13 ms, Total. 186.7 s (4.6%)
[Performance] GameView.SetActiveWindowAsPresented                                                                                                                                                                                                                        :        4 samples, Peak.  83.3 us (1.4x), Avg.  60.3 us, Total. 241.2 us (0.0%)
[Performance] GameView.Repaint                                                                                                                                                                                                                                           :   165825 samples, Peak.   139 ms (126.2x), Avg.  1.10 ms, Total. 182.0 s (4.4%)
[Performance] EditorApplication.playModeStateChanged: UnityEngine.InputSystem.Editor.InputExitPlayModeAnalytic.OnPlayModeStateChange                                                                                                                                     :        6 samples, Peak.   677 us (2.3x), Avg.   293 us, Total. 1.761 ms (0.0%)
[Performance] UnityConnect.Tick                                                                                                                                                                                                                                          :    38468 samples, Peak.  4.74 ms (1895.2x), Avg.  2.50 us, Total. 96.13 ms (0.0%)
[Performance] UnityConnect.PollInfo                                                                                                                                                                                                                                      :      746 samples, Peak.  12.2 us (31.8x), Avg.   384 ns, Total. 286.6 us (0.0%)
[Performance] UnityVersionControl.Tick                                                                                                                                                                                                                                   :    38468 samples, Peak.   211 us (198.4x), Avg.  1.06 us, Total. 40.91 ms (0.0%)
[Performance] CurlRequest.Tick                                                                                                                                                                                                                                           :    25051 samples, Peak.   304 us (288.7x), Avg.  1.05 us, Total. 26.37 ms (0.0%)
[Performance] HubClient.Tick                                                                                                                                                                                                                                             :    25050 samples, Peak.  15.2 ms (13782.8x), Avg.  1.10 us, Total. 27.54 ms (0.0%)
[Performance] AssetDatabase.Tick                                                                                                                                                                                                                                         :    25050 samples, Peak.   370 us (1432.7x), Avg.   258 ns, Total. 6.466 ms (0.0%)
[Performance] SceneBackgroundTask.Tick                                                                                                                                                                                                                                   :    20526 samples, Peak.   214 us (822.0x), Avg.   260 ns, Total. 5.339 ms (0.0%)
[Performance] Scheduler.Tick                                                                                                                                                                                                                                             :    70397 samples, Peak.  8.43 ms (291.8x), Avg.  28.9 us, Total. 2.033 s (0.0%)
[Performance] RepaintAllProfilerWindows                                                                                                                                                                                                                                  :      764 samples, Peak.   881 us (165.0x), Avg.  5.34 us, Total. 4.080 ms (0.0%)
[Performance] PlayerUpdates.Tick                                                                                                                                                                                                                                         :    43417 samples, Peak.  15.3 ms (704.5x), Avg.  21.7 us, Total. 943.5 ms (0.0%)
[Performance] Application.TickGlobalCallbacks                                                                                                                                                                                                                            :   262318 samples, Peak.  56.6 ms (2124.2x), Avg.  26.6 us, Total. 6.987 s (0.2%)
[Performance] EditorAnalytics.Tick                                                                                                                                                                                                                                       :    13531 samples, Peak.  56.5 ms (6967.6x), Avg.  8.11 us, Total. 109.7 ms (0.0%)
[Performance] Video.Update                                                                                                                                                                                                                                               :   262318 samples, Peak.   164 us (371.1x), Avg.   443 ns, Total. 116.1 ms (0.0%)
[Performance] Application.TickProgress                                                                                                                                                                                                                                   :   262318 samples, Peak.  5.41 ms (7504.1x), Avg.   721 ns, Total. 189.2 ms (0.0%)
[Performance] Application.TickSceneTracker                                                                                                                                                                                                                               :   262318 samples, Peak.   550 ms (10373.6x), Avg.  53.0 us, Total. 13.90 s (0.3%)
[Performance] EditorApplication.update                                                                                                                                                                                                                                   :   262318 samples, Peak.   545 ms (13920.7x), Avg.  39.2 us, Total. 10.27 s (0.3%)
[Performance] EditorApplication.update: Unity.XR.CoreUtils.Editor.Internal.ScriptableSettingsInitializer.Update                                                                                                                                                          :        8 samples, Peak.   347 ms (1.3x), Avg.   266 ms, Total. 2.128 s (0.1%)
[Performance] EditorApplication.update: UnityEditor.XR.Management.EditorWorkQueue`1[[UnityEditor.XR.Management.Legacy.XRLegacyUninstaller+LegacyPackageListRequest, Unity.XR.Management.Editor, Version=0.0.0.0, Culture=neutral, PublicKeyToken=null]].ProcessWorkQueue :       11 samples, Peak.  47.6 ms (2.3x), Avg.  20.8 ms, Total. 228.4 ms (0.0%)
[Performance] EditorApplication.update: UnityEngine.Rendering.ProbeSubdivisionContext+RealtimeProbeSubdivisionDebug.UpdateRealtimeSubdivisionDebug                                                                                                                       :   262318 samples, Peak.  4.42 ms (3729.0x), Avg.  1.19 us, Total. 311.1 ms (0.0%)
[Performance] EditorApplication.update: Unity.PlasticSCM.Editor.Hub.ProcessHubCommand.RunOnceWhenAccessTokenIsInitialized                                                                                                                                                :    35785 samples, Peak.   948 us (941.6x), Avg.  1.01 us, Total. 36.03 ms (0.0%)
[Performance] EditorApplication.update: Unity.Tutorials.Core.Editor.GenesisHelper.WebRequestProcessor                                                                                                                                                                    :   262318 samples, Peak.  1.03 ms (503.8x), Avg.  2.04 us, Total. 535.2 ms (0.0%)
[Performance] EditorApplication.update: callback in Microsoft.Unity.VisualStudio.Editor.VisualStudioIntegration                                                                                                                                                          :        8 samples, Peak.  12.8 ms (1.7x), Avg.  7.55 ms, Total. 60.38 ms (0.0%)
[Performance] EditorApplication.update: Microsoft.Unity.VisualStudio.Editor.VisualStudioIntegration.OnUpdate                                                                                                                                                             :   262318 samples, Peak.  1.04 ms (477.9x), Avg.  2.17 us, Total. 570.4 ms (0.0%)
[Performance] EditorApplication.update: callback in Unity.PlasticSCM.Editor.Execute                                                                                                                                                                                      :        8 samples, Peak.  1.28 ms (1.8x), Avg.   715 us, Total. 5.723 ms (0.0%)
[Performance] EditorApplication.update: UnityEditor.XR.OpenXR.Features.OpenXRFeatureSetManager.<InitializeOnLoad>g__OnFirstUpdate|0_0                                                                                                                                    :        8 samples, Peak.  38.5 ms (1.5x), Avg.  26.2 ms, Total. 209.3 ms (0.0%)
[Performance] EditorApplication.update: callback in UnityEditor.Rendering.Universal.MaterialReimporter                                                                                                                                                                   :   262318 samples, Peak.  1.92 ms (938.8x), Avg.  2.04 us, Total. 535.2 ms (0.0%)
[Performance] EditorApplication.update: UnityEngine.XR.OpenXR.Input.OpenXRInput.<RegisterFeatureLayouts>g__OnFirstFrame|7_0                                                                                                                                              :        8 samples, Peak.  8.66 ms (1.8x), Avg.  4.80 ms, Total. 38.42 ms (0.0%)
[Performance] EditorApplication.update: UnityEditor.PackageManager.UI.Internal.ApplicationProxy.OnUpdate                                                                                                                                                                 :   262318 samples, Peak.  1.40 ms (367.5x), Avg.  3.80 us, Total. 997.1 ms (0.0%)
[Performance] EditorApplication.update: UnityEditor.PackageManager.UI.Internal.UpmBaseOperation`1[[UnityEditor.PackageManager.Requests.ListRequest, UnityEditor.CoreModule, Version=0.0.0.0, Culture=neutral, PublicKeyToken=null]].Progress                             :        4 samples, Peak.  31.0 ms (3.8x), Avg.  8.28 ms, Total. 33.10 ms (0.0%)
[Performance] EditorApplication.update: UnityEditor.PackageManager.UI.Internal.UpmBaseOperation`1[[UnityEditor.PackageManager.Requests.GetRegistriesRequest, UnityEditor.CoreModule, Version=0.0.0.0, Culture=neutral, PublicKeyToken=null]].Progress                    :        9 samples, Peak.  4.63 ms (2.0x), Avg.  2.28 ms, Total. 20.50 ms (0.0%)
[Performance] EditorApplication.update: UnityEditor.SceneManagement.StageNavigationManager.Update                                                                                                                                                                        :   262318 samples, Peak.   786 us (1237.7x), Avg.   635 ns, Total. 166.6 ms (0.0%)
[Performance] EditorApplication.update: UnityEditor.Toolbars.AccountDropdown.CheckAvailability                                                                                                                                                                           :   262318 samples, Peak.   518 us (319.8x), Avg.  1.62 us, Total. 424.6 ms (0.0%)
[Performance] EditorApplication.update: UnityEditor.Toolbars.CloudButton.CheckAvailability                                                                                                                                                                               :   262318 samples, Peak.   259 us (428.3x), Avg.   604 ns, Total. 158.4 ms (0.0%)
[Performance] EditorApplication.update: UnityEditor.Toolbars.PreviewPackagesInUseDropdown.CheckAvailability                                                                                                                                                              :   262318 samples, Peak.   174 us (242.2x), Avg.   718 ns, Total. 188.3 ms (0.0%)
[Performance] EditorApplication.update: UnityEditor.GameView.RepaintIfNeeded                                                                                                                                                                                             :   202560 samples, Peak.   267 us (235.5x), Avg.  1.13 us, Total. 229.3 ms (0.0%)
[Performance] EditorApplication.update: UnityEditor.Rendering.Universal.SceneViewDrawMode.UpdateSceneViewStates                                                                                                                                                          :   262313 samples, Peak.   718 us (369.6x), Avg.  1.94 us, Total. 509.5 ms (0.0%)
[Performance] Package.AsyncRequest                                                                                                                                                                                                                                       :       49 samples, Peak.  3.30 ms (4.9x), Avg.   679 us, Total. 33.25 ms (0.0%)
[Performance] ConsoleLog.Tick                                                                                                                                                                                                                                            :    14860 samples, Peak.   253 us (128.0x), Avg.  1.98 us, Total. 29.39 ms (0.0%)
[Performance] HierarchyWindow.Tick                                                                                                                                                                                                                                       :     2491 samples, Peak.  2.17 ms (735.0x), Avg.  2.95 us, Total. 7.351 ms (0.0%)
[Performance] Toolbar.OnHierarchyChange                                                                                                                                                                                                                                  :        8 samples, Peak.  11.8 us (1.1x), Avg.  10.7 us, Total. 85.70 us (0.0%)
[Performance] AppStatusBar.OnHierarchyChange                                                                                                                                                                                                                             :        8 samples, Peak.  6.80 us (1.2x), Avg.  5.67 us, Total. 45.40 us (0.0%)
[Performance] GameView.OnHierarchyChange                                                                                                                                                                                                                                 :        5 samples, Peak.  35.4 us (1.9x), Avg.  18.3 us, Total. 91.60 us (0.0%)
[Performance] EditorApplication.hierarchyChanged: Unity.UIElements.Editor.UIDocumentHierarchyWatcher.OnHierarchyChanged                                                                                                                                                  :        8 samples, Peak.  1.10 ms (3.7x), Avg.   297 us, Total. 2.372 ms (0.0%)
[Performance] Inspector.Tick                                                                                                                                                                                                                                             :     2491 samples, Peak.  2.39 s (1099.9x), Avg.  2.17 ms, Total. 5.406 s (0.1%)
[Performance] Toolbar.OnInspectorUpdate                                                                                                                                                                                                                                  :     2491 samples, Peak.   124 us (9.7x), Avg.  12.8 us, Total. 31.88 ms (0.0%)
[Performance] AppStatusBar.OnInspectorUpdate                                                                                                                                                                                                                             :     2491 samples, Peak.   516 us (18.2x), Avg.  28.3 us, Total. 70.53 ms (0.0%)
[Performance] GameView.OnInspectorUpdate                                                                                                                                                                                                                                 :     1825 samples, Peak.  33.2 us (14.6x), Avg.  2.27 us, Total. 4.146 ms (0.0%)
[Performance] EditorApplication.delayCall: UnityEditor.ShortcutManagement.ShortcutIntegration.EnsureShortcutsAreInitialized                                                                                                                                              :        7 samples, Peak.  6.48 ms (1.6x), Avg.  4.16 ms, Total. 29.12 ms (0.0%)
[Performance] EditorApplication.delayCall: callback in UnityEngine.InputSystem.EnhancedTouch.TouchSimulation                                                                                                                                                             :        7 samples, Peak.   446 us (1.9x), Avg.   230 us, Total. 1.613 ms (0.0%)
[Performance] EditorApplication.delayCall: UnityEngine.InputSystem.InputSystem.SetUpRemotingInternal                                                                                                                                                                     :        7 samples, Peak.  3.50 ms (3.5x), Avg.  1.01 ms, Total. 7.078 ms (0.0%)
[Performance] EditorApplication.delayCall: UnityEngine.InputSystem.InputSystem.ShowRestartWarning                                                                                                                                                                        :        7 samples, Peak.  7.11 ms (6.3x), Avg.  1.13 ms, Total. 7.893 ms (0.0%)
[Performance] EditorApplication.delayCall: UnityEditor.XR.Interaction.Toolkit.Samples.StarterAssetsSampleProjectValidation.AddRulesAndRunCheck                                                                                                                           :        7 samples, Peak.   723 ms (2.3x), Avg.   318 ms, Total. 2.227 s (0.1%)
[Performance] EditorApplication.delayCall: callback in UnityEditor.EditorWindow                                                                                                                                                                                          :        7 samples, Peak.   111 us (1.4x), Avg.  76.7 us, Total. 537.1 us (0.0%)
[Performance] EditorApplication.delayCall: callback in UnityEditor.EditorTools.ToolShortcutContext                                                                                                                                                                       :        7 samples, Peak.   144 us (1.3x), Avg.   110 us, Total. 768.8 us (0.0%)
[Performance] EditorApplication.delayCall: callback in UnityEditor.SceneVisibilityManager                                                                                                                                                                                :        7 samples, Peak.  42.3 us (1.3x), Avg.  32.0 us, Total. 223.8 us (0.0%)
[Performance] EditorApplication.delayCall: Unity.XR.CoreUtils.Editor.BuildingBlocks.BuildingBlocksOverlay.RefreshBuildingBlocksEnabledState                                                                                                                              :       10 samples, Peak.   296 us (1.8x), Avg.   166 us, Total. 1.660 ms (0.0%)
[Performance] EditorApplication.delayCall: UnityEditor.Toolbars.PlayModeButtons.<.ctor>b__7_1                                                                                                                                                                            :        8 samples, Peak.   542 us (1.4x), Avg.   391 us, Total. 3.130 ms (0.0%)
[Performance] EditorApplication.delayCall: UnityEditor.Toolbars.LayoutDropdown.CheckAvailability                                                                                                                                                                         :        8 samples, Peak.   123 us (1.5x), Avg.  82.3 us, Total. 658.4 us (0.0%)
[Performance] EditorApplication.delayCall: UnityEditor.Toolbars.LayersDropdown.CheckAvailability                                                                                                                                                                         :        8 samples, Peak.  85.9 us (1.6x), Avg.  54.8 us, Total. 438.8 us (0.0%)
[Performance] EditorApplication.delayCall: UnityEditor.Toolbars.ModesDropdown.CheckAvailability                                                                                                                                                                          :        8 samples, Peak.   753 us (3.1x), Avg.   247 us, Total. 1.973 ms (0.0%)
[Performance] EditorApplication.delayCall: UnityEditor.Search.SearchButton.DelayInitialization                                                                                                                                                                           :        8 samples, Peak.  6.98 ms (1.4x), Avg.  4.90 ms, Total. 39.23 ms (0.0%)
[Performance] EditorApplication.delayCall: UnityEditor.Toolbars.UndoButton.DelayInitialization                                                                                                                                                                           :        8 samples, Peak.   215 us (1.3x), Avg.   172 us, Total. 1.377 ms (0.0%)
[Performance] EditorApplication.delayCall: UnityEditor.EditorTools.EditorTool.Activate                                                                                                                                                                                   :        7 samples, Peak.   147 us (1.2x), Avg.   121 us, Total. 850.4 us (0.0%)
[Performance] EditorApplication.delayCall: UnityEditor.EditorTools.EditorToolContext.Activate                                                                                                                                                                            :        7 samples, Peak.  69.9 us (1.4x), Avg.  51.8 us, Total. 362.3 us (0.0%)
[Performance] Tooltip.Tick                                                                                                                                                                                                                                               :    43409 samples, Peak.   421 ms (18545.9x), Avg.  22.7 us, Total. 986.0 ms (0.0%)
[Performance] Application.RequestRepaintForPanels                                                                                                                                                                                                                        :   223327 samples, Peak.   644 us (283.1x), Avg.  2.28 us, Total. 508.4 ms (0.0%)
[Performance] Application.UpdateScene                                                                                                                                                                                                                                    :   223327 samples, Peak.   612 ms (581.9x), Avg.  1.05 ms, Total. 234.9 s (5.7%)
[Performance] PackageImporter.Tick                                                                                                                                                                                                                                       :    14854 samples, Peak.  38.4 us (124.6x), Avg.   308 ns, Total. 4.577 ms (0.0%)
[Performance] InspectorBackground.Tick                                                                                                                                                                                                                                   :    20520 samples, Peak.   120 us (210.8x), Avg.   569 ns, Total. 11.68 ms (0.0%)
[Performance] BurstDebug.Tick                                                                                                                                                                                                                                            :     6914 samples, Peak.  79.7 us (108.4x), Avg.   735 ns, Total. 5.085 ms (0.0%)
[Performance] Application.ChangeLayoutIfNeeded                                                                                                                                                                                                                           :   262318 samples, Peak.  48.5 us (487.9x), Avg.  99.4 ns, Total. 26.08 ms (0.0%)
[Performance] AsyncReadManager.ForceCloseFiles                                                                                                                                                                                                                           :     3703 samples, Peak.   144 us (90.2x), Avg.  1.59 us, Total. 5.889 ms (0.0%)
[Performance] Application.Message.WM_00060                                                                                                                                                                                                                               :      140 samples, Peak.  4.00 us (4.6x), Avg.   868 ns, Total. 121.5 us (0.0%)
[Performance] Application.Message.Input                                                                                                                                                                                                                                  :    34893 samples, Peak.   668 us (128.6x), Avg.  5.20 us, Total. 181.4 ms (0.0%)
[Performance] Application.Message.MouseMove                                                                                                                                                                                                                              :    21886 samples, Peak.  41.6 ms (285.1x), Avg.   146 us, Total. 3.190 s (0.1%)
[Performance] GameView.Ignore                                                                                                                                                                                                                                            :       64 samples, Peak.  1.50 us (4.8x), Avg.   314 ns, Total. 20.10 us (0.0%)
[Performance] GameView.MouseMove                                                                                                                                                                                                                                         :     2687 samples, Peak.  14.6 ms (178.8x), Avg.  81.4 us, Total. 218.6 ms (0.0%)
[Performance] Application.Message.MouseLeave                                                                                                                                                                                                                             :      109 samples, Peak.  23.7 ms (24.6x), Avg.   963 us, Total. 105.0 ms (0.0%)
[Performance] GameView.MouseLeaveWindow                                                                                                                                                                                                                                  :       17 samples, Peak.  3.18 ms (9.1x), Avg.   350 us, Total. 5.957 ms (0.0%)
[Performance] Application.Message.NonClientMouseMove                                                                                                                                                                                                                     :      903 samples, Peak.   248 us (39.0x), Avg.  6.36 us, Total. 5.740 ms (0.0%)
[Performance] Application.Message.WM_002A2                                                                                                                                                                                                                               :       29 samples, Peak.  6.40 us (1.8x), Avg.  3.51 us, Total. 101.7 us (0.0%)
[Performance] Toolbar.Ignore                                                                                                                                                                                                                                             :       56 samples, Peak.   700 ns (2.5x), Avg.   279 ns, Total. 15.60 us (0.0%)
[Performance] Toolbar.MouseMove                                                                                                                                                                                                                                          :     1118 samples, Peak.  14.8 ms (167.3x), Avg.  88.3 us, Total. 98.72 ms (0.0%)
[Performance] Toolbar.MouseLeaveWindow                                                                                                                                                                                                                                   :       31 samples, Peak.  10.5 ms (15.5x), Avg.   679 us, Total. 21.06 ms (0.0%)
[Performance] Application.Message.MouseHover                                                                                                                                                                                                                             :       59 samples, Peak.  32.6 ms (23.6x), Avg.  1.38 ms, Total. 81.63 ms (0.0%)
[Performance] GameView.MouseEnterWindow                                                                                                                                                                                                                                  :       11 samples, Peak.  1.42 ms (5.1x), Avg.   277 us, Total. 3.050 ms (0.0%)
[Performance] Application.Message.NonClientLeftButtonDown                                                                                                                                                                                                                :       13 samples, Peak.  1.18 s (3.0x), Avg.   395 ms, Total. 5.137 s (0.1%)
[Performance] Toolbar.MouseEnterWindow                                                                                                                                                                                                                                   :       14 samples, Peak.  2.85 ms (9.2x), Avg.   309 us, Total. 4.329 ms (0.0%)
[Performance] Application.Message.LeftButtonDown                                                                                                                                                                                                                         :       78 samples, Peak.   106 ms (34.1x), Avg.  3.12 ms, Total. 243.2 ms (0.0%)
[Performance] GameView.OnLostFocus                                                                                                                                                                                                                                       :        7 samples, Peak.  2.48 ms (2.7x), Avg.   904 us, Total. 6.327 ms (0.0%)
[Performance] Toolbar.MouseDown                                                                                                                                                                                                                                          :        6 samples, Peak.  4.96 ms (1.4x), Avg.  3.45 ms, Total. 20.73 ms (0.0%)
[Performance] Application.Message.LeftButtonUp                                                                                                                                                                                                                           :       82 samples, Peak.  23.9 ms (11.9x), Avg.  2.01 ms, Total. 164.5 ms (0.0%)
[Performance] Toolbar.MouseUp                                                                                                                                                                                                                                            :        6 samples, Peak.  10.8 ms (2.1x), Avg.  5.15 ms, Total. 30.88 ms (0.0%)
[Performance] Application.ExitPlayMode                                                                                                                                                                                                                                   :        3 samples, Peak.   643 ms (1.2x), Avg.   528 ms, Total. 1.584 s (0.0%)
[Performance] Toolbar.OnLostFocus                                                                                                                                                                                                                                        :        6 samples, Peak.  14.8 us (1.3x), Avg.  11.2 us, Total. 67.10 us (0.0%)
[Performance] SceneView.MouseMove                                                                                                                                                                                                                                        :     8195 samples, Peak.  13.3 ms (66.8x), Avg.   199 us, Total. 1.627 s (0.0%)
[Performance] CoreBusinessMetrics.Tick                                                                                                                                                                                                                                   :       65 samples, Peak.  1.40 ms (10.9x), Avg.   129 us, Total. 8.379 ms (0.0%)
[Performance] GI.Tick                                                                                                                                                                                                                                                    :     2375 samples, Peak.  12.0 ms (175.3x), Avg.  68.4 us, Total. 162.4 ms (0.0%)
[Performance] UnitySynchronization.ExecuteTasks                                                                                                                                                                                                                          :    38466 samples, Peak.  1.08 ms (252.7x), Avg.  4.29 us, Total. 165.2 ms (0.0%)
[Performance] Application.TickPreloadManager                                                                                                                                                                                                                             :    96565 samples, Peak.  1.86 ms (406.7x), Avg.  4.58 us, Total. 442.3 ms (0.0%)
[Performance] EditorApplication.update: UnityEditor.Toolbars.SceneAudioElement.CheckAvailability                                                                                                                                                                         :    96565 samples, Peak.   245 us (427.3x), Avg.   573 ns, Total. 55.37 ms (0.0%)
[Performance] EditorApplication.update: UnityEditor.Toolbars.RenderDocElement.OnUpdate                                                                                                                                                                                   :    96565 samples, Peak.   363 us (241.8x), Avg.  1.50 us, Total. 145.1 ms (0.0%)
[Performance] EditorApplication.update: UnityEditor.Toolbars.MetalCaptureElement.OnUpdate                                                                                                                                                                                :    96565 samples, Peak.   491 us (641.8x), Avg.   766 ns, Total. 73.94 ms (0.0%)
[Performance] EditorApplication.update: UnityEditor.SceneView.UpdateAnimatedMaterials                                                                                                                                                                                    :    96565 samples, Peak.   791 us (430.1x), Avg.  1.84 us, Total. 177.5 ms (0.0%)
[Performance] EditorApplication.update: UnityEditor.HostView.SendUpdate                                                                                                                                                                                                  :    96565 samples, Peak.  4.41 ms (947.2x), Avg.  4.65 us, Total. 449.4 ms (0.0%)
[Performance] EditorApplication.update: UnityEditor.XR.Management.Metadata.XRPackageMetadataStore.UpdateInstallablePackages                                                                                                                                              :        9 samples, Peak.  84.3 ms (8.5x), Avg.  9.87 ms, Total. 88.84 ms (0.0%)
[Performance] EditorApplication.update: UnityEditor.XR.Management.Metadata.XRPackageMetadataStore.WaitingOnSearchQuery                                                                                                                                                   :        9 samples, Peak.   479 us (1.8x), Avg.   260 us, Total. 2.336 ms (0.0%)
[Performance] EditorApplication.update: UnityEditor.XR.Management.Metadata.XRPackageMetadataStore.MonitorPackageInstallation                                                                                                                                             :        8 samples, Peak.  1.38 ms (1.6x), Avg.   867 us, Total. 6.939 ms (0.0%)
[Performance] EditorApplication.update: UnityEditor.XR.Management.Metadata.XRPackageMetadataStore.MonitorPackageUninstall                                                                                                                                                :        8 samples, Peak.   335 us (1.6x), Avg.   206 us, Total. 1.644 ms (0.0%)
[Performance] EditorApplication.update: UnityEditor.XR.Management.Metadata.XRPackageMetadataStore.AssignAnyRequestedLoadersUpdate                                                                                                                                        :        8 samples, Peak.   447 us (1.5x), Avg.   297 us, Total. 2.372 ms (0.0%)
[Performance] EditorApplication.update: UnityEditor.XR.Management.Metadata.XRPackageMetadataStore.RebuildCache                                                                                                                                                           :       18 samples, Peak.  86.9 ms (4.8x), Avg.  18.2 ms, Total. 327.1 ms (0.0%)
[Performance] SceneHierarchyWindow.OnHierarchyChange                                                                                                                                                                                                                     :        5 samples, Peak.   138 us (1.5x), Avg.  94.5 us, Total. 472.6 us (0.0%)
[Performance] SceneView.OnHierarchyChange                                                                                                                                                                                                                                :        5 samples, Peak.  4.20 us (1.8x), Avg.  2.36 us, Total. 11.80 us (0.0%)
[Performance] ProjectBrowser.OnHierarchyChange                                                                                                                                                                                                                           :        5 samples, Peak.  1.40 us (1.3x), Avg.  1.10 us, Total. 5.500 us (0.0%)
[Performance] ConsoleWindow.OnHierarchyChange                                                                                                                                                                                                                            :        2 samples, Peak.  1.10 us (1.0x), Avg.  1.05 us, Total. 2.100 us (0.0%)
[Performance] InspectorWindow.OnHierarchyChange                                                                                                                                                                                                                          :        5 samples, Peak.  1.30 us (1.4x), Avg.   960 ns, Total. 4.800 us (0.0%)
[Performance] SceneHierarchyWindow.OnInspectorUpdate                                                                                                                                                                                                                     :      818 samples, Peak.   186 us (40.7x), Avg.  4.58 us, Total. 3.745 ms (0.0%)
[Performance] SceneView.OnInspectorUpdate                                                                                                                                                                                                                                :      818 samples, Peak.  5.30 us (4.4x), Avg.  1.21 us, Total. 992.1 us (0.0%)
[Performance] ProjectBrowser.OnInspectorUpdate                                                                                                                                                                                                                           :      818 samples, Peak.   321 us (99.3x), Avg.  3.23 us, Total. 2.645 ms (0.0%)
[Performance] ConsoleWindow.OnInspectorUpdate                                                                                                                                                                                                                            :      558 samples, Peak.  7.00 us (8.7x), Avg.   804 ns, Total. 448.6 us (0.0%)
[Performance] InspectorWindow.OnInspectorUpdate                                                                                                                                                                                                                          :      818 samples, Peak.  1.38 ms (147.2x), Avg.  9.38 us, Total. 7.672 ms (0.0%)
[Performance] EditorApplication.delayCall: UnityEditor.SearchService.OpenSearchHelper.UpdateBindingAndTooltip                                                                                                                                                            :        6 samples, Peak.   970 us (1.3x), Avg.   741 us, Total. 4.445 ms (0.0%)
[Performance] Application.UpdateTextureStreaming                                                                                                                                                                                                                         :    57574 samples, Peak.  66.5 us (363.2x), Avg.   183 ns, Total. 10.54 ms (0.0%)
[Performance] Application.UpdateVideoTextures                                                                                                                                                                                                                            :    57574 samples, Peak.  39.0 us (210.0x), Avg.   186 ns, Total. 10.69 ms (0.0%)
[Performance] GUIView.RepaintAll.RepaintScene                                                                                                                                                                                                                            :    57384 samples, Peak.   133 ms (526.0x), Avg.   253 us, Total. 14.52 s (0.4%)
[Performance] Application.Idle                                                                                                                                                                                                                                           :    95096 samples, Peak.   294 ms (7.6x), Avg.  38.9 ms, Total. 3.696 ks (90.3%)
[Performance] SceneView.MouseEnterWindow                                                                                                                                                                                                                                 :       15 samples, Peak.  32.6 ms (7.0x), Avg.  4.67 ms, Total. 70.07 ms (0.0%)
[Performance] SceneView.Ignore                                                                                                                                                                                                                                           :      252 samples, Peak.   800 ns (2.4x), Avg.   333 ns, Total. 84.00 us (0.0%)
[Performance] SceneView.MouseLeaveWindow                                                                                                                                                                                                                                 :       20 samples, Peak.  15.9 ms (11.8x), Avg.  1.35 ms, Total. 26.95 ms (0.0%)
[Performance] ConsoleWindow.Ignore                                                                                                                                                                                                                                       :       20 samples, Peak.   500 ns (2.1x), Avg.   240 ns, Total. 4.800 us (0.0%)
[Performance] ConsoleWindow.MouseMove                                                                                                                                                                                                                                    :     1256 samples, Peak.   277 us (6.1x), Avg.  45.1 us, Total. 56.65 ms (0.0%)
[Performance] ConsoleWindow.MouseEnterWindow                                                                                                                                                                                                                             :        9 samples, Peak.   151 us (2.0x), Avg.  74.0 us, Total. 666.4 us (0.0%)
[Performance] ConsoleWindow.MouseLeaveWindow                                                                                                                                                                                                                             :        8 samples, Peak.  79.6 us (1.3x), Avg.  60.8 us, Total. 486.4 us (0.0%)
[Performance] Application.Message.WM_000A3                                                                                                                                                                                                                               :        2 samples, Peak.  6.62 ms (1.0x), Avg.  6.57 ms, Total. 13.14 ms (0.0%)
[Performance] ConsoleWindow.OnLostFocus                                                                                                                                                                                                                                  :        4 samples, Peak.  13.7 us (1.1x), Avg.  11.9 us, Total. 47.70 us (0.0%)
[Performance] SceneView.MouseDown                                                                                                                                                                                                                                        :       18 samples, Peak.  4.78 ms (5.7x), Avg.   840 us, Total. 15.13 ms (0.0%)
[Performance] SceneView.MouseUp                                                                                                                                                                                                                                          :       19 samples, Peak.  3.88 ms (5.5x), Avg.   708 us, Total. 13.45 ms (0.0%)
[Performance] GizmoManager.DrawAllGizmosWithFunctor                                                                                                                                                                                                                      :        2 samples, Peak.   655 us (2.0x), Avg.   335 us, Total. 670.9 us (0.0%)
[Performance] Editor.GameObjectInspector_GameObject_33890.OnInspectorGUI                                                                                                                                                                                                 :        5 samples, Peak.  17.7 us (4.5x), Avg.  3.90 us, Total. 19.50 us (0.0%)
[Performance] Editor.TransformInspector_Transform_33892.OnInspectorGUI                                                                                                                                                                                                   :        6 samples, Peak.  7.28 ms (5.2x), Avg.  1.39 ms, Total. 8.348 ms (0.0%)
[Performance] Editor.UniversalRenderPipelineLightEditor_Light_33894.OnInspectorGUI                                                                                                                                                                                       :        6 samples, Peak.  9.17 ms (5.8x), Avg.  1.59 ms, Total. 9.534 ms (0.0%)
[Performance] Editor.UniversalAdditionLightDataEditor_UniversalAdditionalLightData_-4542.OnInspectorGUI                                                                                                                                                                  :        6 samples, Peak.  20.9 us (5.6x), Avg.  3.73 us, Total. 22.40 us (0.0%)
[Performance] Toolbar.OnSelectionChange                                                                                                                                                                                                                                  :       26 samples, Peak.  11.5 us (1.3x), Avg.  8.71 us, Total. 226.4 us (0.0%)
[Performance] AppStatusBar.OnSelectionChange                                                                                                                                                                                                                             :       26 samples, Peak.  6.90 us (1.2x), Avg.  5.57 us, Total. 144.9 us (0.0%)
[Performance] SceneHierarchyWindow.OnSelectionChange                                                                                                                                                                                                                     :       26 samples, Peak.   641 us (9.9x), Avg.  65.0 us, Total. 1.690 ms (0.0%)
[Performance] SceneView.OnSelectionChange                                                                                                                                                                                                                                :       26 samples, Peak.  82.2 us (7.1x), Avg.  11.5 us, Total. 299.2 us (0.0%)
[Performance] ProjectBrowser.OnSelectionChange                                                                                                                                                                                                                           :       26 samples, Peak.   217 us (6.3x), Avg.  34.3 us, Total. 891.2 us (0.0%)
[Performance] ConsoleWindow.OnSelectionChange                                                                                                                                                                                                                            :       25 samples, Peak.  2.10 us (2.0x), Avg.  1.04 us, Total. 26.00 us (0.0%)
[Performance] InspectorWindow.OnSelectionChange                                                                                                                                                                                                                          :       26 samples, Peak.  1.40 us (1.7x), Avg.   838 ns, Total. 21.80 us (0.0%)
[Performance] Selection.selectionChanged: UnityEditor.PackageManager.UI.Internal.SelectionProxy.OnSelectionChanged                                                                                                                                                       :       26 samples, Peak.   595 us (9.7x), Avg.  61.3 us, Total. 1.594 ms (0.0%)
[Performance] Selection.selectionChanged: UnityEditorInternal.EditMode.OnSelectionChange                                                                                                                                                                                 :       26 samples, Peak.   284 us (10.8x), Avg.  26.2 us, Total. 682.5 us (0.0%)
[Performance] Selection.selectionChanged: UnityEditor.Tools.OnSelectionChange                                                                                                                                                                                            :       53 samples, Peak.  62.5 us (17.0x), Avg.  3.67 us, Total. 194.5 us (0.0%)
[Performance] Selection.selectionChanged: UnityEditor.InspectorWindow.OnSelectionChanged                                                                                                                                                                                 :       26 samples, Peak.  3.80 ms (8.5x), Avg.   445 us, Total. 11.56 ms (0.0%)
[Performance] Selection.selectionChanged: UnityEditor.SceneViewPicking.ResetHashes                                                                                                                                                                                       :        2 samples, Peak.  27.3 us (2.0x), Avg.  13.9 us, Total. 27.80 us (0.0%)
[Performance] Editor.UniversalRenderPipelineLightEditor.OnSceneGUI                                                                                                                                                                                                       :      161 samples, Peak.  9.92 ms (102.2x), Avg.  97.0 us, Total. 15.62 ms (0.0%)
[Performance] Editor.GameObjectInspector_GameObject_33916.OnInspectorGUI                                                                                                                                                                                                 :       24 samples, Peak.  28.5 us (17.5x), Avg.  1.63 us, Total. 39.10 us (0.0%)
[Performance] Editor.TransformInspector_Transform_33918.OnInspectorGUI                                                                                                                                                                                                   :       27 samples, Peak.  6.98 ms (14.5x), Avg.   480 us, Total. 12.96 ms (0.0%)
[Performance] Editor.BoxColliderEditor_BoxCollider_33922.OnInspectorGUI                                                                                                                                                                                                  :       27 samples, Peak.  7.91 ms (9.3x), Avg.   852 us, Total. 23.00 ms (0.0%)
[Performance] Editor.MeshRendererEditor_MeshRenderer_33920.OnInspectorGUI                                                                                                                                                                                                :       27 samples, Peak.  14.8 ms (10.1x), Avg.  1.46 ms, Total. 39.34 ms (0.0%)
[Performance] Editor.MaterialEditor_Material_33568.OnInspectorGUI                                                                                                                                                                                                        :       26 samples, Peak.   724 us (9.3x), Avg.  77.8 us, Total. 2.024 ms (0.0%)
[Performance] SceneView.OnLostFocus                                                                                                                                                                                                                                      :        7 samples, Peak.   936 us (2.3x), Avg.   407 us, Total. 2.849 ms (0.0%)
[Performance] AssemblyReloadEvents.beforeAssemblyReload: UnityEngine.InputSystem.EnhancedTouch.EnhancedTouchSupport.OnBeforeDomainReload                                                                                                                                 :        3 samples, Peak.   831 us (1.9x), Avg.   439 us, Total. 1.317 ms (0.0%)
[Performance] AssemblyReloadEvents.beforeAssemblyReload: UnityEditor.Rendering.CoreEditorStyles.<.cctor>g__OnBeforeAssemblyReload|54_0                                                                                                                                   :        2 samples, Peak.   463 us (1.7x), Avg.   276 us, Total. 551.9 us (0.0%)
[Performance] AssemblyReloadEvents.beforeAssemblyReload: UnityEditor.HandleUtility.DisposeArcIndexBuffer                                                                                                                                                                 :        2 samples, Peak.   871 us (1.6x), Avg.   553 us, Total. 1.105 ms (0.0%)
[Performance] AppStatusBar.Ignore                                                                                                                                                                                                                                        :        3 samples, Peak.   300 ns (1.3x), Avg.   233 ns, Total. 700.0 ns (0.0%)
[Performance] AppStatusBar.MouseMove                                                                                                                                                                                                                                     :       41 samples, Peak.   159 us (2.8x), Avg.  57.7 us, Total. 2.364 ms (0.0%)
[Performance] AppStatusBar.MouseLeaveWindow                                                                                                                                                                                                                              :        4 samples, Peak.  23.7 ms (4.0x), Avg.  5.98 ms, Total. 23.94 ms (0.0%)
[Performance] GameView.MouseDown                                                                                                                                                                                                                                         :        5 samples, Peak.  9.38 ms (3.1x), Avg.  3.07 ms, Total. 15.34 ms (0.0%)
[Performance] GameView.MouseUp                                                                                                                                                                                                                                           :        5 samples, Peak.  3.07 ms (2.8x), Avg.  1.10 ms, Total. 5.484 ms (0.0%)
[Performance] Application.Message.MouseWheel                                                                                                                                                                                                                             :       76 samples, Peak.  2.20 ms (7.6x), Avg.   289 us, Total. 21.97 ms (0.0%)
[Performance] GameView.ScrollWheel                                                                                                                                                                                                                                       :       21 samples, Peak.  1.03 ms (3.5x), Avg.   292 us, Total. 6.127 ms (0.0%)
[Performance] EditorApplication.update: UnityEditor.GameView.SnapZoomDelayed                                                                                                                                                                                             :     1022 samples, Peak.   660 us (312.7x), Avg.  2.11 us, Total. 2.157 ms (0.0%)
[Performance] AppStatusBar.MouseEnterWindow                                                                                                                                                                                                                              :        1 samples, Peak.  41.5 us (1.0x), Avg.  41.5 us, Total. 41.50 us (0.0%)
[Performance] AppStatusBar.MouseDown                                                                                                                                                                                                                                     :        1 samples, Peak.  17.7 ms (1.0x), Avg.  17.7 ms, Total. 17.74 ms (0.0%)
[Performance] AppStatusBar.OnLostFocus                                                                                                                                                                                                                                   :        5 samples, Peak.   139 us (3.6x), Avg.  38.5 us, Total. 192.6 us (0.0%)
[Performance] AppStatusBar.MouseUp                                                                                                                                                                                                                                       :        1 samples, Peak.   233 us (1.0x), Avg.   233 us, Total. 232.5 us (0.0%)
[Performance] ConsoleWindow.MouseDown                                                                                                                                                                                                                                    :        6 samples, Peak.  2.77 ms (2.5x), Avg.  1.09 ms, Total. 6.545 ms (0.0%)
[Performance] ConsoleWindow.MouseUp                                                                                                                                                                                                                                      :        5 samples, Peak.  11.6 ms (4.6x), Avg.  2.56 ms, Total. 12.79 ms (0.0%)
[Performance] Application.Message.KeyDown                                                                                                                                                                                                                                :       53 samples, Peak.  20.1 ms (15.6x), Avg.  1.29 ms, Total. 68.56 ms (0.0%)
[Performance] AppStatusBar.KeyDown                                                                                                                                                                                                                                       :        2 samples, Peak.  1.77 ms (1.5x), Avg.  1.16 ms, Total. 2.323 ms (0.0%)
[Performance] Application.Message.KeyUp                                                                                                                                                                                                                                  :       12 samples, Peak.  1.47 ms (2.6x), Avg.   577 us, Total. 6.924 ms (0.0%)
[Performance] AppStatusBar.KeyUp                                                                                                                                                                                                                                         :        3 samples, Peak.   678 us (1.7x), Avg.   388 us, Total. 1.163 ms (0.0%)
[Performance] Toolbar.OnBackingScaleFactorChanged                                                                                                                                                                                                                        :        1 samples, Peak.  9.31 ms (1.0x), Avg.  9.31 ms, Total. 9.310 ms (0.0%)
[Performance] GameView.OnBackingScaleFactorChanged                                                                                                                                                                                                                       :        5 samples, Peak.   294 us (3.6x), Avg.  80.9 us, Total. 404.3 us (0.0%)
[Performance] AppStatusBar.OnBackingScaleFactorChanged                                                                                                                                                                                                                   :        1 samples, Peak.  45.0 us (1.0x), Avg.  45.0 us, Total. 45.00 us (0.0%)
[Performance] Application.Message.SystemCommand                                                                                                                                                                                                                          :        2 samples, Peak.  5.21 ms (1.1x), Avg.  4.81 ms, Total. 9.626 ms (0.0%)
[Performance] SceneHierarchyWindow.OnBackingScaleFactorChanged                                                                                                                                                                                                           :        3 samples, Peak.   303 us (2.2x), Avg.   139 us, Total. 416.5 us (0.0%)
[Performance] SceneView.OnBackingScaleFactorChanged                                                                                                                                                                                                                      :        3 samples, Peak.  8.85 ms (1.8x), Avg.  4.92 ms, Total. 14.75 ms (0.0%)
[Performance] ProjectBrowser.OnBackingScaleFactorChanged                                                                                                                                                                                                                 :        3 samples, Peak.   164 us (2.1x), Avg.  76.2 us, Total. 228.7 us (0.0%)
[Performance] InspectorWindow.OnBackingScaleFactorChanged                                                                                                                                                                                                                :        3 samples, Peak.   112 us (1.7x), Avg.  67.3 us, Total. 202.0 us (0.0%)
[Performance] EditorApplication.hierarchyChanged: UnityEditor.UIElements.ObjectField.<.ctor>b__31_0                                                                                                                                                                      :        1 samples, Peak.  75.4 us (1.0x), Avg.  75.4 us, Total. 75.40 us (0.0%)
[Performance] ProjectBrowser.Ignore                                                                                                                                                                                                                                      :       54 samples, Peak.   500 ns (2.5x), Avg.   202 ns, Total. 10.90 us (0.0%)
[Performance] ProjectBrowser.MouseMove                                                                                                                                                                                                                                   :     4205 samples, Peak.   380 us (8.6x), Avg.  44.4 us, Total. 186.6 ms (0.0%)
[Performance] ProjectBrowser.MouseEnterWindow                                                                                                                                                                                                                            :        5 samples, Peak.  95.2 us (1.5x), Avg.  64.2 us, Total. 320.8 us (0.0%)
[Performance] ProjectBrowser.MouseDown                                                                                                                                                                                                                                   :       43 samples, Peak.  18.1 ms (18.3x), Avg.   989 us, Total. 42.54 ms (0.0%)
[Performance] ProjectBrowser.MouseUp                                                                                                                                                                                                                                     :       43 samples, Peak.  14.6 ms (10.6x), Avg.  1.38 ms, Total. 59.13 ms (0.0%)
[Performance] ProjectBrowser.MouseLeaveWindow                                                                                                                                                                                                                            :        5 samples, Peak.  63.8 us (1.1x), Avg.  59.9 us, Total. 299.7 us (0.0%)
[Performance] ProjectBrowser.OnLostFocus                                                                                                                                                                                                                                 :        3 samples, Peak.  16.6 us (1.1x), Avg.  14.6 us, Total. 43.80 us (0.0%)
[Performance] Application.Message.WM_00203                                                                                                                                                                                                                               :        3 samples, Peak.  18.7 ms (2.8x), Avg.  6.75 ms, Total. 20.25 ms (0.0%)
[Performance] Editor.TextureImporterInspector_TextureImporter_37442.OnInspectorGUI                                                                                                                                                                                       :      494 samples, Peak.  44.9 ms (35.4x), Avg.  1.27 ms, Total. 625.4 ms (0.0%)
[Performance] Editor.TextureImporterInspector_TextureImporter_37444.OnInspectorGUI                                                                                                                                                                                       :      290 samples, Peak.  3.06 ms (2.7x), Avg.  1.14 ms, Total. 329.2 ms (0.0%)
[Performance] Editor.TextureImporterInspector_TextureImporter_37446.OnInspectorGUI                                                                                                                                                                                       :      118 samples, Peak.  3.27 ms (2.5x), Avg.  1.29 ms, Total. 152.6 ms (0.0%)
[Performance] Editor.TextureImporterInspector_TextureImporter_37448.OnInspectorGUI                                                                                                                                                                                       :      232 samples, Peak.  2.73 ms (2.2x), Avg.  1.27 ms, Total. 294.3 ms (0.0%)
[Performance] Editor.TextureImporterInspector_TextureImporter_37454.OnInspectorGUI                                                                                                                                                                                       :       12 samples, Peak.  1.36 ms (1.2x), Avg.  1.11 ms, Total. 13.35 ms (0.0%)
[Performance] Editor.MaterialEditor_Material_33680.OnInspectorGUI                                                                                                                                                                                                        :        6 samples, Peak.  22.9 ms (4.1x), Avg.  5.60 ms, Total. 33.59 ms (0.0%)
[Performance] Undo.willFlushUndoRecord: UnityEditor.DrivenRectTransformUndo.ForceUpdateCanvases                                                                                                                                                                          :        2 samples, Peak.  96.5 us (2.0x), Avg.  49.2 us, Total. 98.40 us (0.0%)
[Performance] SceneHierarchyWindow.Ignore                                                                                                                                                                                                                                :       20 samples, Peak.   300 ns (1.3x), Avg.   235 ns, Total. 4.700 us (0.0%)
[Performance] SceneHierarchyWindow.MouseMove                                                                                                                                                                                                                             :     1788 samples, Peak.   145 us (3.5x), Avg.  41.1 us, Total. 73.50 ms (0.0%)
[Performance] SceneHierarchyWindow.MouseLeaveWindow                                                                                                                                                                                                                      :        3 samples, Peak.   343 us (1.1x), Avg.   307 us, Total. 919.8 us (0.0%)
[Performance] SceneHierarchyWindow.MouseEnterWindow                                                                                                                                                                                                                      :        2 samples, Peak.   362 us (1.0x), Avg.   355 us, Total. 710.2 us (0.0%)
[Performance] SceneHierarchyWindow.MouseDown                                                                                                                                                                                                                             :       16 samples, Peak.   693 us (1.6x), Avg.   424 us, Total. 6.788 ms (0.0%)
[Performance] SceneHierarchyWindow.MouseUp                                                                                                                                                                                                                               :       16 samples, Peak.  1.16 ms (1.8x), Avg.   631 us, Total. 10.10 ms (0.0%)
[Performance] Editor.GameObjectInspector_GameObject_33978.OnInspectorGUI                                                                                                                                                                                                 :        7 samples, Peak.   900 ns (1.8x), Avg.   500 ns, Total. 3.500 us (0.0%)
[Performance] Editor.TransformInspector_Transform_33982.OnInspectorGUI                                                                                                                                                                                                   :        8 samples, Peak.   300 us (1.6x), Avg.   192 us, Total. 1.538 ms (0.0%)
[Performance] Editor.GameObjectInspector_GameObject_34026.OnInspectorGUI                                                                                                                                                                                                 :        8 samples, Peak.  1000 ns (2.1x), Avg.   475 ns, Total. 3.800 us (0.0%)
[Performance] Editor.TransformInspector_Transform_34028.OnInspectorGUI                                                                                                                                                                                                   :        9 samples, Peak.   283 us (1.6x), Avg.   175 us, Total. 1.572 ms (0.0%)
[Performance] Editor.BoxColliderEditor_BoxCollider_34032.OnInspectorGUI                                                                                                                                                                                                  :        9 samples, Peak.   316 us (1.8x), Avg.   178 us, Total. 1.605 ms (0.0%)
[Performance] Editor.MeshRendererEditor_MeshRenderer_34030.OnInspectorGUI                                                                                                                                                                                                :        9 samples, Peak.   498 us (1.5x), Avg.   332 us, Total. 2.985 ms (0.0%)
[Performance] Editor.MaterialEditor_Material_33608.OnInspectorGUI                                                                                                                                                                                                        :       12 samples, Peak.  72.8 us (2.2x), Avg.  33.2 us, Total. 398.3 us (0.0%)
[Performance] Editor.GameObjectInspector_GameObject_33992.OnInspectorGUI                                                                                                                                                                                                 :        6 samples, Peak.   800 ns (1.8x), Avg.   433 ns, Total. 2.600 us (0.0%)
[Performance] Editor.TransformInspector_Transform_33994.OnInspectorGUI                                                                                                                                                                                                   :        7 samples, Peak.   371 us (2.0x), Avg.   182 us, Total. 1.274 ms (0.0%)
[Performance] Editor.MeshRendererEditor_MeshRenderer_33996.OnInspectorGUI                                                                                                                                                                                                :        6 samples, Peak.   682 us (2.0x), Avg.   340 us, Total. 2.038 ms (0.0%)
[Performance] Editor.MaterialEditor_Material_33806.OnInspectorGUI                                                                                                                                                                                                        :       48 samples, Peak.  36.7 us (1.6x), Avg.  22.7 us, Total. 1.091 ms (0.0%)
[Performance] Editor.GameObjectInspector_GameObject_34084.OnInspectorGUI                                                                                                                                                                                                 :        8 samples, Peak.   900 ns (1.8x), Avg.   487 ns, Total. 3.900 us (0.0%)
[Performance] Editor.TransformInspector_Transform_34086.OnInspectorGUI                                                                                                                                                                                                   :        9 samples, Peak.   293 us (1.7x), Avg.   177 us, Total. 1.594 ms (0.0%)
[Performance] Editor.BoxColliderEditor_BoxCollider_34090.OnInspectorGUI                                                                                                                                                                                                  :        9 samples, Peak.   290 us (1.6x), Avg.   177 us, Total. 1.592 ms (0.0%)
[Performance] Editor.MeshRendererEditor_MeshRenderer_34088.OnInspectorGUI                                                                                                                                                                                                :        9 samples, Peak.   507 us (1.7x), Avg.   300 us, Total. 2.701 ms (0.0%)
[Performance] Editor.GameObjectInspector_GameObject_34000.OnInspectorGUI                                                                                                                                                                                                 :        8 samples, Peak.  1000 ns (2.2x), Avg.   450 ns, Total. 3.600 us (0.0%)
[Performance] Editor.TransformInspector_Transform_34002.OnInspectorGUI                                                                                                                                                                                                   :        9 samples, Peak.   298 us (1.7x), Avg.   178 us, Total. 1.598 ms (0.0%)
[Performance] Editor.BoxColliderEditor_BoxCollider_34006.OnInspectorGUI                                                                                                                                                                                                  :        9 samples, Peak.   327 us (1.7x), Avg.   196 us, Total. 1.765 ms (0.0%)
[Performance] Editor.MeshRendererEditor_MeshRenderer_34004.OnInspectorGUI                                                                                                                                                                                                :        9 samples, Peak.   519 us (1.8x), Avg.   294 us, Total. 2.650 ms (0.0%)
[Performance] Editor.GameObjectInspector_GameObject_33968.OnInspectorGUI                                                                                                                                                                                                 :       16 samples, Peak.   800 ns (2.0x), Avg.   406 ns, Total. 6.500 us (0.0%)
[Performance] Editor.TransformInspector_Transform_33970.OnInspectorGUI                                                                                                                                                                                                   :       18 samples, Peak.   355 us (2.0x), Avg.   180 us, Total. 3.232 ms (0.0%)
[Performance] Editor.BoxColliderEditor_BoxCollider_33974.OnInspectorGUI                                                                                                                                                                                                  :       18 samples, Peak.   326 us (1.7x), Avg.   193 us, Total. 3.469 ms (0.0%)
[Performance] Editor.MeshRendererEditor_MeshRenderer_33972.OnInspectorGUI                                                                                                                                                                                                :       18 samples, Peak.   548 us (1.8x), Avg.   300 us, Total. 5.405 ms (0.0%)
[Performance] Editor.GameObjectInspector_GameObject_33880.OnInspectorGUI                                                                                                                                                                                                 :        8 samples, Peak.   800 ns (1.8x), Avg.   437 ns, Total. 3.500 us (0.0%)
[Performance] Editor.TransformInspector_Transform_33882.OnInspectorGUI                                                                                                                                                                                                   :        9 samples, Peak.   281 us (1.6x), Avg.   175 us, Total. 1.571 ms (0.0%)
[Performance] Editor.BoxColliderEditor_BoxCollider_33886.OnInspectorGUI                                                                                                                                                                                                  :        9 samples, Peak.   316 us (1.6x), Avg.   202 us, Total. 1.816 ms (0.0%)
[Performance] Editor.MeshRendererEditor_MeshRenderer_33884.OnInspectorGUI                                                                                                                                                                                                :        9 samples, Peak.   468 us (1.6x), Avg.   302 us, Total. 2.716 ms (0.0%)
[Performance] Editor.GameObjectInspector_GameObject_34074.OnInspectorGUI                                                                                                                                                                                                 :       26 samples, Peak.  1.50 us (3.5x), Avg.   427 ns, Total. 11.10 us (0.0%)
[Performance] Editor.TransformInspector_Transform_34076.OnInspectorGUI                                                                                                                                                                                                   :       27 samples, Peak.   469 us (2.3x), Avg.   208 us, Total. 5.619 ms (0.0%)
[Performance] Editor.BoxColliderEditor_BoxCollider_34080.OnInspectorGUI                                                                                                                                                                                                  :       27 samples, Peak.   392 us (1.9x), Avg.   208 us, Total. 5.609 ms (0.0%)
[Performance] Editor.MeshRendererEditor_MeshRenderer_34078.OnInspectorGUI                                                                                                                                                                                                :       27 samples, Peak.  1.27 ms (3.5x), Avg.   363 us, Total. 9.794 ms (0.0%)
[Performance] InspectorWindow.Ignore                                                                                                                                                                                                                                     :        5 samples, Peak.   800 ns (2.5x), Avg.   320 ns, Total. 1.600 us (0.0%)
[Performance] InspectorWindow.MouseMove                                                                                                                                                                                                                                  :      180 samples, Peak.  29.5 ms (95.7x), Avg.   308 us, Total. 55.53 ms (0.0%)
[Performance] InspectorWindow.MouseLeaveWindow                                                                                                                                                                                                                           :       18 samples, Peak.  4.64 ms (8.5x), Avg.   544 us, Total. 9.791 ms (0.0%)
[Performance] SceneHierarchyWindow.OnLostFocus                                                                                                                                                                                                                           :        6 samples, Peak.   732 us (5.4x), Avg.   136 us, Total. 815.2 us (0.0%)
[Performance] InactiveGI.Tick                                                                                                                                                                                                                                            :    12030 samples, Peak.  1.50 ms (23.0x), Avg.  65.3 us, Total. 786.0 ms (0.0%)
[Performance] RequestRepaintForPanels                                                                                                                                                                                                                                    :    38991 samples, Peak.  1.58 ms (473.9x), Avg.  3.34 us, Total. 130.1 ms (0.0%)
[Performance] GUIView.RepaintAll.RequestRepaint                                                                                                                                                                                                                          :    38991 samples, Peak.   615 ms (15962.0x), Avg.  38.6 us, Total. 1.503 s (0.0%)
[Performance] Application.Message.WM_00400                                                                                                                                                                                                                               :       24 samples, Peak.   300 us (3.2x), Avg.  94.3 us, Total. 2.264 ms (0.0%)
[Performance] ProjectBrowser.ScrollWheel                                                                                                                                                                                                                                 :        3 samples, Peak.   415 us (1.0x), Avg.   396 us, Total. 1.187 ms (0.0%)
[Performance] Editor.GameObjectInspector_GameObject_34068.OnInspectorGUI                                                                                                                                                                                                 :        7 samples, Peak.  1000 ns (1.9x), Avg.   514 ns, Total. 3.600 us (0.0%)
[Performance] Editor.TransformInspector_Transform_34070.OnInspectorGUI                                                                                                                                                                                                   :        8 samples, Peak.   311 us (1.5x), Avg.   201 us, Total. 1.609 ms (0.0%)
[Performance] Editor.GameObjectInspector_GameObject_34010.OnInspectorGUI                                                                                                                                                                                                 :       29 samples, Peak.  1.10 us (2.6x), Avg.   431 ns, Total. 12.50 us (0.0%)
[Performance] Editor.TransformInspector_Transform_34012.OnInspectorGUI                                                                                                                                                                                                   :       30 samples, Peak.   736 us (2.9x), Avg.   258 us, Total. 7.733 ms (0.0%)
[Performance] AnimatorControllerTool.Paint                                                                                                                                                                                                                               :       38 samples, Peak.  24.8 ms (7.8x), Avg.  3.17 ms, Total. 120.6 ms (0.0%)
[Performance] AnimatorControllerTool.Repaint                                                                                                                                                                                                                             :       38 samples, Peak.  23.3 ms (9.5x), Avg.  2.44 ms, Total. 92.81 ms (0.0%)
[Performance] AnimatorControllerTool.OnInspectorUpdate                                                                                                                                                                                                                   :      121 samples, Peak.  60.5 us (44.1x), Avg.  1.37 us, Total. 166.0 us (0.0%)
[Performance] AnimatorControllerTool.MouseUp                                                                                                                                                                                                                             :        1 samples, Peak.   256 us (1.0x), Avg.   256 us, Total. 255.6 us (0.0%)
[Performance] AnimatorControllerTool.Ignore                                                                                                                                                                                                                              :        2 samples, Peak.   800 ns (1.6x), Avg.   500 ns, Total. 1.000 us (0.0%)
[Performance] AnimatorControllerTool.MouseMove                                                                                                                                                                                                                           :       38 samples, Peak.  16.6 ms (28.6x), Avg.   580 us, Total. 22.03 ms (0.0%)
[Performance] AnimatorControllerTool.MouseLeaveWindow                                                                                                                                                                                                                    :        3 samples, Peak.  5.63 ms (1.5x), Avg.  3.69 ms, Total. 11.08 ms (0.0%)
[Performance] AnimatorControllerTool.OnLostFocus                                                                                                                                                                                                                         :        3 samples, Peak.   806 us (1.4x), Avg.   590 us, Total. 1.771 ms (0.0%)
[Performance] AnimatorControllerTool.MouseEnterWindow                                                                                                                                                                                                                    :        1 samples, Peak.   167 us (1.0x), Avg.   167 us, Total. 167.2 us (0.0%)
[Performance] InitializeOnLoad ZeroingRangeSceneBuilder.RebuildTask004Once                                                                                                                                                                                               :        5 samples, Peak.   300 us (1.1x), Avg.   267 us, Total. 1.335 ms (0.0%)
[Performance] EditorApplication.update: Unity.Tutorials.Core.Editor.UserStartupCode.InitRunStartupCode                                                                                                                                                                   :        5 samples, Peak.  62.0 ms (1.4x), Avg.  45.5 ms, Total. 227.6 ms (0.0%)
[Performance] EditorApplication.delayCall: callback in SimulatedShooting.Editor.ZeroingRangeSceneBuilder                                                                                                                                                                 :        2 samples, Peak.  2.12 s (1.4x), Avg.  1.47 s, Total. 2.937 s (0.1%)
[Performance] AnimatorControllerTool.OnSelectionChange                                                                                                                                                                                                                   :        1 samples, Peak.  72.7 us (1.0x), Avg.  72.7 us, Total. 72.70 us (0.0%)
[Performance] AnimatorControllerTool.OnDidOpenScene                                                                                                                                                                                                                      :        1 samples, Peak.  1.20 us (1.0x), Avg.  1.20 us, Total. 1.200 us (0.0%)
[Performance] EditorSceneManager.newSceneCreated: UnityEditor.SceneHierarchy.OnSceneCreated                                                                                                                                                                              :        2 samples, Peak.   376 us (1.1x), Avg.   349 us, Total. 698.0 us (0.0%)
[Performance] MaterialModificationProcessor.OnWillCreateAsset                                                                                                                                                                                                            :       32 samples, Peak.   293 us (7.4x), Avg.  39.5 us, Total. 1.263 ms (0.0%)
[Performance] BuilderAssetModificationProcessor.OnWillCreateAsset                                                                                                                                                                                                        :       16 samples, Peak.   476 us (9.0x), Avg.  52.8 us, Total. 844.9 us (0.0%)
[Performance] Toolbar.OnProjectChange                                                                                                                                                                                                                                    :        7 samples, Peak.   117 us (4.0x), Avg.  29.0 us, Total. 202.9 us (0.0%)
[Performance] AppStatusBar.OnProjectChange                                                                                                                                                                                                                               :        7 samples, Peak.  7.60 us (1.2x), Avg.  6.47 us, Total. 45.30 us (0.0%)
[Performance] SceneHierarchyWindow.OnProjectChange                                                                                                                                                                                                                       :        7 samples, Peak.   112 us (4.5x), Avg.  24.9 us, Total. 174.5 us (0.0%)
[Performance] SceneView.OnProjectChange                                                                                                                                                                                                                                  :        7 samples, Peak.  3.00 us (1.9x), Avg.  1.59 us, Total. 11.10 us (0.0%)
[Performance] ProjectBrowser.OnProjectChange                                                                                                                                                                                                                             :        7 samples, Peak.  1.20 us (1.1x), Avg.  1.06 us, Total. 7.400 us (0.0%)
[Performance] AnimatorControllerTool.OnProjectChange                                                                                                                                                                                                                     :        7 samples, Peak.  52.0 us (2.7x), Avg.  19.2 us, Total. 134.4 us (0.0%)
[Performance] InspectorWindow.OnProjectChange                                                                                                                                                                                                                            :        7 samples, Peak.  1.70 us (1.5x), Avg.  1.13 us, Total. 7.900 us (0.0%)
[Performance] EditorApplication.projectChanged: UnityEditor.ProjectBrowser.OnProjectChanged                                                                                                                                                                              :        7 samples, Peak.  3.27 ms (1.6x), Avg.  2.06 ms, Total. 14.42 ms (0.0%)
[Performance] EditorApplication.projectChanged: UnityEditor.LabelGUI.InvalidateLabels                                                                                                                                                                                    :        7 samples, Peak.  58.6 us (6.5x), Avg.  9.03 us, Total. 63.20 us (0.0%)
[Performance] EditorApplication.projectChanged: UnityEditor.SceneHierarchy.ReloadData                                                                                                                                                                                    :        7 samples, Peak.  53.5 us (1.5x), Avg.  36.4 us, Total. 254.9 us (0.0%)
[Performance] SceneDataContainer.TransformHierarchyChangedSetParentCallback                                                                                                                                                                                              :     1038 samples, Peak.  3.80 us (9.3x), Avg.   410 ns, Total. 425.4 us (0.0%)
[Performance] StateMacroSavedEvent.OnWillSaveAssets                                                                                                                                                                                                                      :        5 samples, Peak.  2.93 ms (3.3x), Avg.   896 us, Total. 4.481 ms (0.0%)
[Performance] FlowMacroSavedEvent.OnWillSaveAssets                                                                                                                                                                                                                       :        5 samples, Peak.   547 us (2.1x), Avg.   263 us, Total. 1.317 ms (0.0%)
[Performance] UnityCloudProjectLinkMonitor.OnWillSaveAssets                                                                                                                                                                                                              :        5 samples, Peak.  4.72 ms (4.2x), Avg.  1.13 ms, Total. 5.658 ms (0.0%)
[Performance] UVCSAssetModificationProcessor.OnWillSaveAssets                                                                                                                                                                                                            :        5 samples, Peak.   533 us (2.7x), Avg.   198 us, Total. 988.5 us (0.0%)
[Performance] BuilderAssetModificationProcessor.OnWillSaveAssets                                                                                                                                                                                                         :        5 samples, Peak.  1.30 ms (3.4x), Avg.   383 us, Total. 1.913 ms (0.0%)
[Performance] TerrainModificationProcessor.OnWillSaveAssets                                                                                                                                                                                                              :        5 samples, Peak.   961 us (2.4x), Avg.   406 us, Total. 2.030 ms (0.0%)
[Performance] EditorSceneManager.sceneSaving: UnityEditor.SceneTemplate.SceneTemplateService.OnSceneSaving                                                                                                                                                               :        2 samples, Peak.   174 us (1.0x), Avg.   173 us, Total. 346.8 us (0.0%)
[Performance] EditorSceneManager.sceneSaving: UnityEditor.SceneVisibilityManager.EditorSceneManagerOnSceneSaving                                                                                                                                                         :        2 samples, Peak.   147 us (1.2x), Avg.   126 us, Total. 252.9 us (0.0%)
[Performance] AssetDatabase.ImportAsset                                                                                                                                                                                                                                  :        2 samples, Peak.  49.7 ms (1.1x), Avg.  47.3 ms, Total. 94.50 ms (0.0%)
[Performance] EditorSceneManager.sceneSaved: UnityEditor.SceneTemplate.SceneTemplateService.OnSceneSaved                                                                                                                                                                 :        2 samples, Peak.   198 ms (1.1x), Avg.   184 ms, Total. 368.9 ms (0.0%)
[Performance] EditorSceneManager.sceneSaved: UnityEditor.SceneVisibilityManager.EditorSceneManagerOnSceneSaved                                                                                                                                                           :        2 samples, Peak.   140 us (1.1x), Avg.   126 us, Total. 251.4 us (0.0%)
[Performance] Application.Message.WM_00282                                                                                                                                                                                                                               :        1 samples, Peak.   434 us (1.0x), Avg.   434 us, Total. 433.6 us (0.0%)
[Performance] AnimatorControllerTool.OnHierarchyChange                                                                                                                                                                                                                   :        1 samples, Peak.  3.70 us (1.0x), Avg.  3.70 us, Total. 3.700 us (0.0%)
[Performance] Application.Message.WM_0C04D                                                                                                                                                                                                                               :        2 samples, Peak.   500 ns (1.4x), Avg.   350 ns, Total. 700.0 ns (0.0%)
[Performance] Menu.Refresh                                                                                                                                                                                                                                               :        1 samples, Peak. 10.00 ms (1.0x), Avg. 10.00 ms, Total. 9.995 ms (0.0%)
[Performance] Application.Message.Character                                                                                                                                                                                                                              :        1 samples, Peak.  4.00 us (1.0x), Avg.  4.00 us, Total. 4.000 us (0.0%)
[Performance] AnimatorControllerTool.KeyDown                                                                                                                                                                                                                             :       34 samples, Peak.  3.01 ms (5.1x), Avg.   591 us, Total. 20.08 ms (0.0%)
[Performance] SceneView.ScrollWheel                                                                                                                                                                                                                                      :       52 samples, Peak.  2.13 ms (8.3x), Avg.   258 us, Total. 13.42 ms (0.0%)
[Performance] AnimatorControllerTool.KeyUp                                                                                                                                                                                                                               :        1 samples, Peak.  1.24 ms (1.0x), Avg.  1.24 ms, Total. 1.243 ms (0.0%)
[Performance] Application.Message.RightButtonDown                                                                                                                                                                                                                        :       12 samples, Peak.  14.2 ms (4.3x), Avg.  3.26 ms, Total. 39.15 ms (0.0%)
[Performance] Application.Message.RightButtonUp                                                                                                                                                                                                                          :       12 samples, Peak.  3.04 ms (2.6x), Avg.  1.18 ms, Total. 14.10 ms (0.0%)
[Performance] InspectorWindow.MouseEnterWindow                                                                                                                                                                                                                           :        1 samples, Peak.   208 us (1.0x), Avg.   208 us, Total. 207.9 us (0.0%)
[Performance] GizmoManager.CallFunctorForGizmos                                                                                                                                                                                                                          :       28 samples, Peak.  5.90 us (1.6x), Avg.  3.64 us, Total. 101.9 us (0.0%)
[Performance] DockArea.OnBackingScaleFactorChanged                                                                                                                                                                                                                       :        1 samples, Peak.  11.2 us (1.0x), Avg.  11.2 us, Total. 11.20 us (0.0%)
[Performance] MaximizedHostView.OnBackingScaleFactorChanged                                                                                                                                                                                                              :        1 samples, Peak.  8.70 us (1.0x), Avg.  8.70 us, Total. 8.700 us (0.0%)
[Performance] EditorApplication.update: UnityEditor.AnimatedValues.BaseAnimValue`1[[UnityEngine.Quaternion, UnityEngine.CoreModule, Version=0.0.0.0, Culture=neutral, PublicKeyToken=null]].Update                                                                       :        5 samples, Peak.   259 us (1.6x), Avg.   159 us, Total. 793.2 us (0.0%)
[Performance] GameView.KeyDown                                                                                                                                                                                                                                           :       13 samples, Peak.  2.01 ms (6.2x), Avg.   323 us, Total. 4.193 ms (0.0%)
[Performance] GameView.KeyUp                                                                                                                                                                                                                                             :        3 samples, Peak.   715 us (2.4x), Avg.   300 us, Total. 899.9 us (0.0%)
[Performance] GameView.ContextClick                                                                                                                                                                                                                                      :        2 samples, Peak.   684 us (1.7x), Avg.   394 us, Total. 787.6 us (0.0%)
[Performance] Application.Message.WM_00207                                                                                                                                                                                                                               :        3 samples, Peak.  1.08 ms (1.2x), Avg.   912 us, Total. 2.737 ms (0.0%)
[Performance] Application.Message.WM_00208                                                                                                                                                                                                                               :        3 samples, Peak.   975 us (1.3x), Avg.   735 us, Total. 2.204 ms (0.0%)
[Performance] SceneView.KeyDown                                                                                                                                                                                                                                          :        2 samples, Peak.  1.17 ms (1.7x), Avg.   690 us, Total. 1.380 ms (0.0%)
[Performance] SceneView.KeyUp                                                                                                                                                                                                                                            :        3 samples, Peak.   250 us (1.1x), Avg.   235 us, Total. 705.6 us (0.0%)
[Performance] GameView.OnDidOpenScene                                                                                                                                                                                                                                    :        1 samples, Peak.  4.10 us (1.0x), Avg.  4.10 us, Total. 4.100 us (0.0%)
[Performance] EditorApplication.update: UnityEditor.ModelImporterPostProcessor.OpenBumpMapCheckWindow                                                                                                                                                                    :        1 samples, Peak.   146 us (1.0x), Avg.   146 us, Total. 145.5 us (0.0%)
[Performance] Application.Message.WM_0C180                                                                                                                                                                                                                               :        1 samples, Peak.  3.30 us (1.0x), Avg.  3.30 us, Total. 3.300 us (0.0%)
[Performance] InspectorWindow.MouseDown                                                                                                                                                                                                                                  :        1 samples, Peak.  98.8 ms (1.0x), Avg.  98.8 ms, Total. 98.83 ms (0.0%)
[Performance] InspectorWindow.MouseUp                                                                                                                                                                                                                                    :        1 samples, Peak.  3.00 ms (1.0x), Avg.  3.00 ms, Total. 3.001 ms (0.0%)
[Performance] InspectorWindow.OnLostFocus                                                                                                                                                                                                                                :        2 samples, Peak.   881 us (1.2x), Avg.   718 us, Total. 1.436 ms (0.0%)
[Performance] EditorApplication.pauseStateChanged: UnityEditor.Toolbars.PlayModeButtons.OnPauseStateChanged                                                                                                                                                              :        1 samples, Peak.  39.7 us (1.0x), Avg.  39.7 us, Total. 39.70 us (0.0%)
[Performance] EditorApplication.pauseStateChanged: UnityEditor.ProjectBrowser.OnPauseStateChanged                                                                                                                                                                        :        1 samples, Peak.   130 us (1.0x), Avg.   130 us, Total. 130.2 us (0.0%)
[Performance] EditorApplication.wantsToQuit: UnityEngine.InputSystem.LowLevel.NativeInputRuntime.OnWantsToShutdown                                                                                                                                                       :        1 samples, Peak.  7.02 ms (1.0x), Avg.  7.02 ms, Total. 7.022 ms (0.0%)
[Performance] Application.Shutdown.SaveDefaultWindowPreferences                                                                                                                                                                                                          :        1 samples, Peak.  39.9 ms (1.0x), Avg.  39.9 ms, Total. 39.86 ms (0.0%)
[Performance] Application.Shutdown.SaveSceneManagerSetup                                                                                                                                                                                                                 :        1 samples, Peak.   272 us (1.0x), Avg.   272 us, Total. 271.8 us (0.0%)
[Performance] Application.Shutdown.CleanupAllContainerWindows                                                                                                                                                                                                            :        1 samples, Peak.   800 ns (1.0x), Avg.   800 ns, Total. 800.0 ns (0.0%)
[Performance] EditorApplication.quitting: UnityEditor.Search.SearchMonitor.OnQuitting                                                                                                                                                                                    :        1 samples, Peak.  2.52 ms (1.0x), Avg.  2.52 ms, Total. 2.515 ms (0.0%)
[Performance] EditorApplication.quitting: Unity.Burst.Editor.BurstLoader.OnEditorApplicationQuitting                                                                                                                                                                     :        1 samples, Peak.   109 us (1.0x), Avg.   109 us, Total. 109.3 us (0.0%)
[Performance] EditorApplication.quitting: UnityEditor.SettingsManagement.FileSettingsRepository.Save                                                                                                                                                                     :        2 samples, Peak.  4.07 ms (1.7x), Avg.  2.38 ms, Total. 4.751 ms (0.0%)
[Performance] EditorApplication.quitting: callback in UnityEditor.TextCore.Text.EditorEventCallbacks                                                                                                                                                                     :        1 samples, Peak.  60.1 ms (1.0x), Avg.  60.1 ms, Total. 60.12 ms (0.0%)
[Performance] Application.Shutdown.PauseProfilerSession                                                                                                                                                                                                                  :        1 samples, Peak.  35.4 us (1.0x), Avg.  35.4 us, Total. 35.40 us (0.0%)
[Performance] Application.Shutdown.PauseAssetImportWorkers                                                                                                                                                                                                               :        1 samples, Peak.  1.27 ms (1.0x), Avg.  1.27 ms, Total. 1.273 ms (0.0%)
[Performance] Application.Shutdown.SaveAssets                                                                                                                                                                                                                            :        1 samples, Peak.   165 ms (1.0x), Avg.   165 ms, Total. 164.5 ms (0.0%)
[Performance] Application.Shutdown.CleanupRenderPipeline                                                                                                                                                                                                                 :        1 samples, Peak.  11.9 ms (1.0x), Avg.  11.9 ms, Total. 11.87 ms (0.0%)
[Performance] Application.Shutdown.StopPreloadManager                                                                                                                                                                                                                    :        1 samples, Peak.   900 ns (1.0x), Avg.   900 ns, Total. 900.0 ns (0.0%)
[Performance] Application.Shutdown.DestroyWorld                                                                                                                                                                                                                          :        1 samples, Peak.  18.1 ms (1.0x), Avg.  18.1 ms, Total. 18.13 ms (0.0%)
[Performance] Application.Shutdown.CleanupAfterLoad                                                                                                                                                                                                                      :        1 samples, Peak.   503 ms (1.0x), Avg.   503 ms, Total. 503.3 ms (0.0%)
[Performance] Application.Shutdown.Progress                                                                                                                                                                                                                              :        1 samples, Peak.  19.2 us (1.0x), Avg.  19.2 us, Total. 19.20 us (0.0%)
[Performance] Application.Shutdown.GICleanupManagers                                                                                                                                                                                                                     :        1 samples, Peak.  11.0 ms (1.0x), Avg.  11.0 ms, Total. 11.02 ms (0.0%)
[Performance] Application.Shutdown.MenuCleanupClass                                                                                                                                                                                                                      :        1 samples, Peak.   755 us (1.0x), Avg.   755 us, Total. 755.3 us (0.0%)
[Performance] Application.Shutdown.ADBSaveStateBeforeShutdown                                                                                                                                                                                                            :        1 samples, Peak.  6.05 ms (1.0x), Avg.  6.05 ms, Total. 6.049 ms (0.0%)
[Performance] Application.Shutdown.RemoteShutdown                                                                                                                                                                                                                        :        1 samples, Peak.  20.6 us (1.0x), Avg.  20.6 us, Total. 20.60 us (0.0%)
[Performance] Application.Shutdown.CleanupVCProvider                                                                                                                                                                                                                     :        1 samples, Peak.  68.8 us (1.0x), Avg.  68.8 us, Total. 68.80 us (0.0%)
[Performance] Application.Shutdown.InputShutdown                                                                                                                                                                                                                         :        1 samples, Peak.   988 us (1.0x), Avg.   988 us, Total. 988.2 us (0.0%)
[Performance] Application.Shutdown.GizmoManagerDestroy                                                                                                                                                                                                                   :        1 samples, Peak.   272 us (1.0x), Avg.   272 us, Total. 272.3 us (0.0%)
[Performance] Application.Shutdown.ProfilerSession                                                                                                                                                                                                                       :        1 samples, Peak.   208 us (1.0x), Avg.   208 us, Total. 207.9 us (0.0%)
[Performance] Application.Shutdown.ReleaseGfxWindowOnAllGUIViews                                                                                                                                                                                                         :        1 samples, Peak.   409 us (1.0x), Avg.   409 us, Total. 408.9 us (0.0%)
[Performance] Application.Shutdown.CleanupEngine                                                                                                                                                                                                                         :        1 samples, Peak.   179 ms (1.0x), Avg.   179 ms, Total. 178.8 ms (0.0%)
[Performance] Application.Shutdown.CleanupAssetDatabase                                                                                                                                                                                                                  :        1 samples, Peak.  10.4 ms (1.0x), Avg.  10.4 ms, Total. 10.43 ms (0.0%)
[Performance] Application.Shutdown.ScriptCompilationCleanUp                                                                                                                                                                                                              :        1 samples, Peak.  3.97 ms (1.0x), Avg.  3.97 ms, Total. 3.967 ms (0.0%)
[Performance] Application.Shutdown.DestroyJobSystem                                                                                                                                                                                                                      :        1 samples, Peak.   796 us (1.0x), Avg.   796 us, Total. 795.8 us (0.0%)
[Performance] Application.Shutdown.CleanupPersistentManager                                                                                                                                                                                                              :        1 samples, Peak.  2.81 ms (1.0x), Avg.  2.81 ms, Total. 2.809 ms (0.0%)
[Performance] Application.Shutdown.CleanupAsyncReadManager                                                                                                                                                                                                               :        1 samples, Peak.   486 us (1.0x), Avg.   486 us, Total. 486.4 us (0.0%)
[Performance] Application.Shutdown.CleanupProgressBar                                                                                                                                                                                                                    :        1 samples, Peak.  18.5 us (1.0x), Avg.  18.5 us, Total. 18.50 us (0.0%)
[Performance] Application.Shutdown.CleanupMono                                                                                                                                                                                                                           :        1 samples, Peak.   311 ms (1.0x), Avg.   311 ms, Total. 311.0 ms (0.0%)
[Performance] Application.Shutdown.CleanupStdConverters                                                                                                                                                                                                                  :        1 samples, Peak.  8.40 us (1.0x), Avg.  8.40 us, Total. 8.400 us (0.0%)
[Performance] Application.Shutdown.UnloadAllPlatformSupportModuleNativeDlls                                                                                                                                                                                              :        1 samples, Peak.  7.10 us (1.0x), Avg.  7.10 us, Total. 7.100 us (0.0%)
[Performance] Application.Shutdown.UnloadAllPlatformSupportNativeLibraries                                                                                                                                                                                               :        1 samples, Peak. 100.0 ns (1.0x), Avg. 100.0 ns, Total. 100.00 ns (0.0%)
[Performance] Application.Shutdown.CleanupAutoDocumentation                                                                                                                                                                                                              :        1 samples, Peak.   656 us (1.0x), Avg.   656 us, Total. 655.8 us (0.0%)
[Performance] Application.Shutdown.ShaderNameManagerDestroy                                                                                                                                                                                                              :        1 samples, Peak.  50.3 us (1.0x), Avg.  50.3 us, Total. 50.30 us (0.0%)
[Performance] Application.Shutdown.CleanupCacheServer                                                                                                                                                                                                                    :        1 samples, Peak.   100 ns (1.0x), Avg.   100 ns, Total. 100.0 ns (0.0%)
[Performance] Application.Shutdown.Virtualization_Shutdown                                                                                                                                                                                                               :        1 samples, Peak.   300 ns (1.0x), Avg.   300 ns, Total. 300.0 ns (0.0%)
[Performance] Application.Shutdown.DevConnections                                                                                                                                                                                                                        :        1 samples, Peak.   229 us (1.0x), Avg.   229 us, Total. 229.1 us (0.0%)
